SAT_01_01
1 90001U 26001A   26149.00000000  .00000000  00000-0  00000-0 0  9991
2 90001  53.2000   0.0000 0001000   0.0000   0.0000 15.11093796000016
SAT_01_02
1 90002U 26001A   26149.00000000  .00000000  00000-0  00000-0 0  9992
2 90002  53.2000   0.0000 0001000   0.0000  16.3636 15.11093796000012
SAT_01_03
1 90003U 26001A   26149.00000000  .00000000  00000-0  00000-0 0  9993
2 90003  53.2000   0.0000 0001000   0.0000  32.7273 15.11093796000012
SAT_01_04
1 90004U 26001A   26149.00000000  .00000000  00000-0  00000-0 0  9994
2 90004  53.2000   0.0000 0001000   0.0000  49.0909 15.11093796000010
SAT_01_05
1 90005U 26001A   26149.00000000  .00000000  00000-0  00000-0 0  9995
2 90005  53.2000   0.0000 0001000   0.0000  65.4545 15.11093796000019
SAT_01_06
1 90006U 26001A   26149.00000000  .00000000  00000-0  00000-0 0  9996
2 90006  53.2000   0.0000 0001000   0.0000  81.8182 15.11093796000019
SAT_01_07
1 90007U 26001A   26149.00000000  .00000000  00000-0  00000-0 0  9997
2 90007  53.2000   0.0000 0001000   0.0000  98.1818 15.11093796000017
SAT_01_08
1 90008U 26001A   26149.00000000  .00000000  00000-0  00000-0 0  9998
2 90008  53.2000   0.0000 0001000   0.0000 114.5455 15.11093796000018
SAT_01_09
1 90009U 26001A   26149.00000000  .00000000  00000-0  00000-0 0  9999
2 90009  53.2000   0.0000 0001000   0.0000 130.9091 15.11093796000017
SAT_01_10
1 90010U 26001A   26149.00000000  .00000000  00000-0  00000-0 0  9991
2 90010  53.2000   0.0000 0001000   0.0000 147.2727 15.11093796000016
SAT_01_11
1 90011U 26001A   26149.00000000  .00000000  00000-0  00000-0 0  9992
2 90011  53.2000   0.0000 0001000   0.0000 163.6364 15.11093796000016
SAT_01_12
1 90012U 26001A   26149.00000000  .00000000  00000-0  00000-0 0  9993
2 90012  53.2000   0.0000 0001000   0.0000 180.0000 15.11093796000017
SAT_01_13
1 90013U 26001A   26149.00000000  .00000000  00000-0  00000-0 0  9994
2 90013  53.2000   0.0000 0001000   0.0000 196.3636 15.11093796000013
SAT_01_14
1 90014U 26001A   26149.00000000  .00000000  00000-0  00000-0 0  9995
2 90014  53.2000   0.0000 0001000   0.0000 212.7273 15.11093796000014
SAT_01_15
1 90015U 26001A   26149.00000000  .00000000  00000-0  00000-0 0  9996
2 90015  53.2000   0.0000 0001000   0.0000 229.0909 15.11093796000012
SAT_01_16
1 90016U 26001A   26149.00000000  .00000000  00000-0  00000-0 0  9997
2 90016  53.2000   0.0000 0001000   0.0000 245.4545 15.11093796000011
SAT_01_17
1 90017U 26001A   26149.00000000  .00000000  00000-0  00000-0 0  9998
2 90017  53.2000   0.0000 0001000   0.0000 261.8182 15.11093796000011
SAT_01_18
1 90018U 26001A   26149.00000000  .00000000  00000-0  00000-0 0  9999
2 90018  53.2000   0.0000 0001000   0.0000 278.1818 15.11093796000019
SAT_01_19
1 90019U 26001A   26149.00000000  .00000000  00000-0  00000-0 0  9990
2 90019  53.2000   0.0000 0001000   0.0000 294.5455 15.11093796000019
SAT_01_20
1 90020U 26001A   26149.00000000  .00000000  00000-0  00000-0 0  9992
2 90020  53.2000   0.0000 0001000   0.0000 310.9091 15.11093796000010
SAT_01_21
1 90021U 26001A   26149.00000000  .00000000  00000-0  00000-0 0  9993
2 90021  53.2000   0.0000 0001000   0.0000 327.2727 15.11093796000018
SAT_01_22
1 90022U 26001A   26149.00000000  .00000000  00000-0  00000-0 0  9994
2 90022  53.2000   0.0000 0001000   0.0000 343.6364 15.11093796000018
SAT_02_01
1 90023U 26001A   26149.00000000  .00000000  00000-0  00000-0 0  9995
2 90023  53.2000   5.0000 0001000   0.0000   0.2273 15.11093796000019
SAT_02_02
1 90024U 26001A   26149.00000000  .00000000  00000-0  00000-0 0  9996
2 90024  53.2000   5.0000 0001000   0.0000  16.5909 15.11093796000016
SAT_02_03
1 90025U 26001A   26149.00000000  .00000000  00000-0  00000-0 0  9997
2 90025  53.2000   5.0000 0001000   0.0000  32.9545 15.11093796000015
SAT_02_04
1 90026U 26001A   26149.00000000  .00000000  00000-0  00000-0 0  9998
2 90026  53.2000   5.0000 0001000   0.0000  49.3182 15.11093796000015
SAT_02_05
1 90027U 26001A   26149.00000000  .00000000  00000-0  00000-0 0  9999
2 90027  53.2000   5.0000 0001000   0.0000  65.6818 15.11093796000013
SAT_02_06
1 90028U 26001A   26149.00000000  .00000000  00000-0  00000-0 0  9990
2 90028  53.2000   5.0000 0001000   0.0000  82.0455 15.11093796000014
SAT_02_07
1 90029U 26001A   26149.00000000  .00000000  00000-0  00000-0 0  9991
2 90029  53.2000   5.0000 0001000   0.0000  98.4091 15.11093796000012
SAT_02_08
1 90030U 26001A   26149.00000000  .00000000  00000-0  00000-0 0  9993
2 90030  53.2000   5.0000 0001000   0.0000 114.7727 15.11093796000012
SAT_02_09
1 90031U 26001A   26149.00000000  .00000000  00000-0  00000-0 0  9994
2 90031  53.2000   5.0000 0001000   0.0000 131.1364 15.11093796000013
SAT_02_10
1 90032U 26001A   26149.00000000  .00000000  00000-0  00000-0 0  9995
2 90032  53.2000   5.0000 0001000   0.0000 147.5000 15.11093796000012
SAT_02_11
1 90033U 26001A   26149.00000000  .00000000  00000-0  00000-0 0  9996
2 90033  53.2000   5.0000 0001000   0.0000 163.8636 15.11093796000019
SAT_02_12
1 90034U 26001A   26149.00000000  .00000000  00000-0  00000-0 0  9997
2 90034  53.2000   5.0000 0001000   0.0000 180.2273 15.11093796000010
SAT_02_13
1 90035U 26001A   26149.00000000  .00000000  00000-0  00000-0 0  9998
2 90035  53.2000   5.0000 0001000   0.0000 196.5909 15.11093796000017
SAT_02_14
1 90036U 26001A   26149.00000000  .00000000  00000-0  00000-0 0  9999
2 90036  53.2000   5.0000 0001000   0.0000 212.9545 15.11093796000017
SAT_02_15
1 90037U 26001A   26149.00000000  .00000000  00000-0  00000-0 0  9990
2 90037  53.2000   5.0000 0001000   0.0000 229.3182 15.11093796000017
SAT_02_16
1 90038U 26001A   26149.00000000  .00000000  00000-0  00000-0 0  9991
2 90038  53.2000   5.0000 0001000   0.0000 245.6818 15.11093796000015
SAT_02_17
1 90039U 26001A   26149.00000000  .00000000  00000-0  00000-0 0  9992
2 90039  53.2000   5.0000 0001000   0.0000 262.0455 15.11093796000016
SAT_02_18
1 90040U 26001A   26149.00000000  .00000000  00000-0  00000-0 0  9994
2 90040  53.2000   5.0000 0001000   0.0000 278.4091 15.11093796000015
SAT_02_19
1 90041U 26001A   26149.00000000  .00000000  00000-0  00000-0 0  9995
2 90041  53.2000   5.0000 0001000   0.0000 294.7727 15.11093796000013
SAT_02_20
1 90042U 26001A   26149.00000000  .00000000  00000-0  00000-0 0  9996
2 90042  53.2000   5.0000 0001000   0.0000 311.1364 15.11093796000015
SAT_02_21
1 90043U 26001A   26149.00000000  .00000000  00000-0  00000-0 0  9997
2 90043  53.2000   5.0000 0001000   0.0000 327.5000 15.11093796000014
SAT_02_22
1 90044U 26001A   26149.00000000  .00000000  00000-0  00000-0 0  9998
2 90044  53.2000   5.0000 0001000   0.0000 343.8636 15.11093796000011
SAT_03_01
1 90045U 26001A   26149.00000000  .00000000  00000-0  00000-0 0  9999
2 90045  53.2000  10.0000 0001000   0.0000   0.4545 15.11093796000013
SAT_03_02
1 90046U 26001A   26149.00000000  .00000000  00000-0  00000-0 0  9990
2 90046  53.2000  10.0000 0001000   0.0000  16.8182 15.11093796000012
SAT_03_03
1 90047U 26001A   26149.00000000  .00000000  00000-0  00000-0 0  9991
2 90047  53.2000  10.0000 0001000   0.0000  33.1818 15.11093796000011
SAT_03_04
1 90048U 26001A   26149.00000000  .00000000  00000-0  00000-0 0  9992
2 90048  53.2000  10.0000 0001000   0.0000  49.5455 15.11093796000010
SAT_03_05
1 90049U 26001A   26149.00000000  .00000000  00000-0  00000-0 0  9993
2 90049  53.2000  10.0000 0001000   0.0000  65.9091 15.11093796000019
SAT_03_06
1 90050U 26001A   26149.00000000  .00000000  00000-0  00000-0 0  9995
2 90050  53.2000  10.0000 0001000   0.0000  82.2727 15.11093796000019
SAT_03_07
1 90051U 26001A   26149.00000000  .00000000  00000-0  00000-0 0  9996
2 90051  53.2000  10.0000 0001000   0.0000  98.6364 15.11093796000018
SAT_03_08
1 90052U 26001A   26149.00000000  .00000000  00000-0  00000-0 0  9997
2 90052  53.2000  10.0000 0001000   0.0000 115.0000 15.11093796000010
SAT_03_09
1 90053U 26001A   26149.00000000  .00000000  00000-0  00000-0 0  9998
2 90053  53.2000  10.0000 0001000   0.0000 131.3636 15.11093796000017
SAT_03_10
1 90054U 26001A   26149.00000000  .00000000  00000-0  00000-0 0  9999
2 90054  53.2000  10.0000 0001000   0.0000 147.7273 15.11093796000016
SAT_03_11
1 90055U 26001A   26149.00000000  .00000000  00000-0  00000-0 0  9990
2 90055  53.2000  10.0000 0001000   0.0000 164.0909 15.11093796000015
SAT_03_12
1 90056U 26001A   26149.00000000  .00000000  00000-0  00000-0 0  9991
2 90056  53.2000  10.0000 0001000   0.0000 180.4545 15.11093796000014
SAT_03_13
1 90057U 26001A   26149.00000000  .00000000  00000-0  00000-0 0  9992
2 90057  53.2000  10.0000 0001000   0.0000 196.8182 15.11093796000013
SAT_03_14
1 90058U 26001A   26149.00000000  .00000000  00000-0  00000-0 0  9993
2 90058  53.2000  10.0000 0001000   0.0000 213.1818 15.11093796000013
SAT_03_15
1 90059U 26001A   26149.00000000  .00000000  00000-0  00000-0 0  9994
2 90059  53.2000  10.0000 0001000   0.0000 229.5455 15.11093796000012
SAT_03_16
1 90060U 26001A   26149.00000000  .00000000  00000-0  00000-0 0  9996
2 90060  53.2000  10.0000 0001000   0.0000 245.9091 15.11093796000012
SAT_03_17
1 90061U 26001A   26149.00000000  .00000000  00000-0  00000-0 0  9997
2 90061  53.2000  10.0000 0001000   0.0000 262.2727 15.11093796000011
SAT_03_18
1 90062U 26001A   26149.00000000  .00000000  00000-0  00000-0 0  9998
2 90062  53.2000  10.0000 0001000   0.0000 278.6364 15.11093796000010
SAT_03_19
1 90063U 26001A   26149.00000000  .00000000  00000-0  00000-0 0  9999
2 90063  53.2000  10.0000 0001000   0.0000 295.0000 15.11093796000011
SAT_03_20
1 90064U 26001A   26149.00000000  .00000000  00000-0  00000-0 0  9990
2 90064  53.2000  10.0000 0001000   0.0000 311.3636 15.11093796000019
SAT_03_21
1 90065U 26001A   26149.00000000  .00000000  00000-0  00000-0 0  9991
2 90065  53.2000  10.0000 0001000   0.0000 327.7273 15.11093796000018
SAT_03_22
1 90066U 26001A   26149.00000000  .00000000  00000-0  00000-0 0  9992
2 90066  53.2000  10.0000 0001000   0.0000 344.0909 15.11093796000017
SAT_04_01
1 90067U 26001A   26149.00000000  .00000000  00000-0  00000-0 0  9993
2 90067  53.2000  15.0000 0001000   0.0000   0.6818 15.11093796000017
SAT_04_02
1 90068U 26001A   26149.00000000  .00000000  00000-0  00000-0 0  9994
2 90068  53.2000  15.0000 0001000   0.0000  17.0455 15.11093796000017
SAT_04_03
1 90069U 26001A   26149.00000000  .00000000  00000-0  00000-0 0  9995
2 90069  53.2000  15.0000 0001000   0.0000  33.4091 15.11093796000016
SAT_04_04
1 90070U 26001A   26149.00000000  .00000000  00000-0  00000-0 0  9997
2 90070  53.2000  15.0000 0001000   0.0000  49.7727 15.11093796000014
SAT_04_05
1 90071U 26001A   26149.00000000  .00000000  00000-0  00000-0 0  9998
2 90071  53.2000  15.0000 0001000   0.0000  66.1364 15.11093796000015
SAT_04_06
1 90072U 26001A   26149.00000000  .00000000  00000-0  00000-0 0  9999
2 90072  53.2000  15.0000 0001000   0.0000  82.5000 15.11093796000015
SAT_04_07
1 90073U 26001A   26149.00000000  .00000000  00000-0  00000-0 0  9990
2 90073  53.2000  15.0000 0001000   0.0000  98.8636 15.11093796000011
SAT_04_08
1 90074U 26001A   26149.00000000  .00000000  00000-0  00000-0 0  9991
2 90074  53.2000  15.0000 0001000   0.0000 115.2273 15.11093796000013
SAT_04_09
1 90075U 26001A   26149.00000000  .00000000  00000-0  00000-0 0  9992
2 90075  53.2000  15.0000 0001000   0.0000 131.5909 15.11093796000011
SAT_04_10
1 90076U 26001A   26149.00000000  .00000000  00000-0  00000-0 0  9993
2 90076  53.2000  15.0000 0001000   0.0000 147.9545 15.11093796000019
SAT_04_11
1 90077U 26001A   26149.00000000  .00000000  00000-0  00000-0 0  9994
2 90077  53.2000  15.0000 0001000   0.0000 164.3182 15.11093796000010
SAT_04_12
1 90078U 26001A   26149.00000000  .00000000  00000-0  00000-0 0  9995
2 90078  53.2000  15.0000 0001000   0.0000 180.6818 15.11093796000018
SAT_04_13
1 90079U 26001A   26149.00000000  .00000000  00000-0  00000-0 0  9996
2 90079  53.2000  15.0000 0001000   0.0000 197.0455 15.11093796000018
SAT_04_14
1 90080U 26001A   26149.00000000  .00000000  00000-0  00000-0 0  9998
2 90080  53.2000  15.0000 0001000   0.0000 213.4091 15.11093796000019
SAT_04_15
1 90081U 26001A   26149.00000000  .00000000  00000-0  00000-0 0  9999
2 90081  53.2000  15.0000 0001000   0.0000 229.7727 15.11093796000016
SAT_04_16
1 90082U 26001A   26149.00000000  .00000000  00000-0  00000-0 0  9990
2 90082  53.2000  15.0000 0001000   0.0000 246.1364 15.11093796000017
SAT_04_17
1 90083U 26001A   26149.00000000  .00000000  00000-0  00000-0 0  9991
2 90083  53.2000  15.0000 0001000   0.0000 262.5000 15.11093796000017
SAT_04_18
1 90084U 26001A   26149.00000000  .00000000  00000-0  00000-0 0  9992
2 90084  53.2000  15.0000 0001000   0.0000 278.8636 15.11093796000013
SAT_04_19
1 90085U 26001A   26149.00000000  .00000000  00000-0  00000-0 0  9993
2 90085  53.2000  15.0000 0001000   0.0000 295.2273 15.11093796000014
SAT_04_20
1 90086U 26001A   26149.00000000  .00000000  00000-0  00000-0 0  9994
2 90086  53.2000  15.0000 0001000   0.0000 311.5909 15.11093796000013
SAT_04_21
1 90087U 26001A   26149.00000000  .00000000  00000-0  00000-0 0  9995
2 90087  53.2000  15.0000 0001000   0.0000 327.9545 15.11093796000011
SAT_04_22
1 90088U 26001A   26149.00000000  .00000000  00000-0  00000-0 0  9996
2 90088  53.2000  15.0000 0001000   0.0000 344.3182 15.11093796000012
SAT_05_01
1 90089U 26001A   26149.00000000  .00000000  00000-0  00000-0 0  9997
2 90089  53.2000  20.0000 0001000   0.0000   0.9091 15.11093796000013
SAT_05_02
1 90090U 26001A   26149.00000000  .00000000  00000-0  00000-0 0  9999
2 90090  53.2000  20.0000 0001000   0.0000  17.2727 15.11093796000012
SAT_05_03
1 90091U 26001A   26149.00000000  .00000000  00000-0  00000-0 0  9990
2 90091  53.2000  20.0000 0001000   0.0000  33.6364 15.11093796000012
SAT_05_04
1 90092U 26001A   26149.00000000  .00000000  00000-0  00000-0 0  9991
2 90092  53.2000  20.0000 0001000   0.0000  50.0000 15.11093796000013
SAT_05_05
1 90093U 26001A   26149.00000000  .00000000  00000-0  00000-0 0  9992
2 90093  53.2000  20.0000 0001000   0.0000  66.3636 15.11093796000019
SAT_05_06
1 90094U 26001A   26149.00000000  .00000000  00000-0  00000-0 0  9993
2 90094  53.2000  20.0000 0001000   0.0000  82.7273 15.11093796000019
SAT_05_07
1 90095U 26001A   26149.00000000  .00000000  00000-0  00000-0 0  9994
2 90095  53.2000  20.0000 0001000   0.0000  99.0909 15.11093796000017
SAT_05_08
1 90096U 26001A   26149.00000000  .00000000  00000-0  00000-0 0  9995
2 90096  53.2000  20.0000 0001000   0.0000 115.4545 15.11093796000017
SAT_05_09
1 90097U 26001A   26149.00000000  .00000000  00000-0  00000-0 0  9996
2 90097  53.2000  20.0000 0001000   0.0000 131.8182 15.11093796000017
SAT_05_10
1 90098U 26001A   26149.00000000  .00000000  00000-0  00000-0 0  9997
2 90098  53.2000  20.0000 0001000   0.0000 148.1818 15.11093796000015
SAT_05_11
1 90099U 26001A   26149.00000000  .00000000  00000-0  00000-0 0  9998
2 90099  53.2000  20.0000 0001000   0.0000 164.5455 15.11093796000015
SAT_05_12
1 90100U 26001A   26149.00000000  .00000000  00000-0  00000-0 0  9991
2 90100  53.2000  20.0000 0001000   0.0000 180.9091 15.11093796000016
SAT_05_13
1 90101U 26001A   26149.00000000  .00000000  00000-0  00000-0 0  9992
2 90101  53.2000  20.0000 0001000   0.0000 197.2727 15.11093796000014
SAT_05_14
1 90102U 26001A   26149.00000000  .00000000  00000-0  00000-0 0  9993
2 90102  53.2000  20.0000 0001000   0.0000 213.6364 15.11093796000015
SAT_05_15
1 90103U 26001A   26149.00000000  .00000000  00000-0  00000-0 0  9994
2 90103  53.2000  20.0000 0001000   0.0000 230.0000 15.11093796000016
SAT_05_16
1 90104U 26001A   26149.00000000  .00000000  00000-0  00000-0 0  9995
2 90104  53.2000  20.0000 0001000   0.0000 246.3636 15.11093796000012
SAT_05_17
1 90105U 26001A   26149.00000000  .00000000  00000-0  00000-0 0  9996
2 90105  53.2000  20.0000 0001000   0.0000 262.7273 15.11093796000012
SAT_05_18
1 90106U 26001A   26149.00000000  .00000000  00000-0  00000-0 0  9997
2 90106  53.2000  20.0000 0001000   0.0000 279.0909 15.11093796000010
SAT_05_19
1 90107U 26001A   26149.00000000  .00000000  00000-0  00000-0 0  9998
2 90107  53.2000  20.0000 0001000   0.0000 295.4545 15.11093796000019
SAT_05_20
1 90108U 26001A   26149.00000000  .00000000  00000-0  00000-0 0  9999
2 90108  53.2000  20.0000 0001000   0.0000 311.8182 15.11093796000010
SAT_05_21
1 90109U 26001A   26149.00000000  .00000000  00000-0  00000-0 0  9990
2 90109  53.2000  20.0000 0001000   0.0000 328.1818 15.11093796000018
SAT_05_22
1 90110U 26001A   26149.00000000  .00000000  00000-0  00000-0 0  9992
2 90110  53.2000  20.0000 0001000   0.0000 344.5455 15.11093796000019
SAT_06_01
1 90111U 26001A   26149.00000000  .00000000  00000-0  00000-0 0  9993
2 90111  53.2000  25.0000 0001000   0.0000   1.1364 15.11093796000010
SAT_06_02
1 90112U 26001A   26149.00000000  .00000000  00000-0  00000-0 0  9994
2 90112  53.2000  25.0000 0001000   0.0000  17.5000 15.11093796000019
SAT_06_03
1 90113U 26001A   26149.00000000  .00000000  00000-0  00000-0 0  9995
2 90113  53.2000  25.0000 0001000   0.0000  33.8636 15.11093796000016
SAT_06_04
1 90114U 26001A   26149.00000000  .00000000  00000-0  00000-0 0  9996
2 90114  53.2000  25.0000 0001000   0.0000  50.2273 15.11093796000017
SAT_06_05
1 90115U 26001A   26149.00000000  .00000000  00000-0  00000-0 0  9997
2 90115  53.2000  25.0000 0001000   0.0000  66.5909 15.11093796000014
SAT_06_06
1 90116U 26001A   26149.00000000  .00000000  00000-0  00000-0 0  9998
2 90116  53.2000  25.0000 0001000   0.0000  82.9545 15.11093796000013
SAT_06_07
1 90117U 26001A   26149.00000000  .00000000  00000-0  00000-0 0  9999
2 90117  53.2000  25.0000 0001000   0.0000  99.3182 15.11093796000013
SAT_06_08
1 90118U 26001A   26149.00000000  .00000000  00000-0  00000-0 0  9990
2 90118  53.2000  25.0000 0001000   0.0000 115.6818 15.11093796000012
SAT_06_09
1 90119U 26001A   26149.00000000  .00000000  00000-0  00000-0 0  9991
2 90119  53.2000  25.0000 0001000   0.0000 132.0455 15.11093796000013
SAT_06_10
1 90120U 26001A   26149.00000000  .00000000  00000-0  00000-0 0  9993
2 90120  53.2000  25.0000 0001000   0.0000 148.4091 15.11093796000012
SAT_06_11
1 90121U 26001A   26149.00000000  .00000000  00000-0  00000-0 0  9994
2 90121  53.2000  25.0000 0001000   0.0000 164.7727 15.11093796000010
SAT_06_12
1 90122U 26001A   26149.00000000  .00000000  00000-0  00000-0 0  9995
2 90122  53.2000  25.0000 0001000   0.0000 181.1364 15.11093796000011
SAT_06_13
1 90123U 26001A   26149.00000000  .00000000  00000-0  00000-0 0  9996
2 90123  53.2000  25.0000 0001000   0.0000 197.5000 15.11093796000010
SAT_06_14
1 90124U 26001A   26149.00000000  .00000000  00000-0  00000-0 0  9997
2 90124  53.2000  25.0000 0001000   0.0000 213.8636 15.11093796000018
SAT_06_15
1 90125U 26001A   26149.00000000  .00000000  00000-0  00000-0 0  9998
2 90125  53.2000  25.0000 0001000   0.0000 230.2273 15.11093796000019
SAT_06_16
1 90126U 26001A   26149.00000000  .00000000  00000-0  00000-0 0  9999
2 90126  53.2000  25.0000 0001000   0.0000 246.5909 15.11093796000016
SAT_06_17
1 90127U 26001A   26149.00000000  .00000000  00000-0  00000-0 0  9990
2 90127  53.2000  25.0000 0001000   0.0000 262.9545 15.11093796000015
SAT_06_18
1 90128U 26001A   26149.00000000  .00000000  00000-0  00000-0 0  9991
2 90128  53.2000  25.0000 0001000   0.0000 279.3182 15.11093796000015
SAT_06_19
1 90129U 26001A   26149.00000000  .00000000  00000-0  00000-0 0  9992
2 90129  53.2000  25.0000 0001000   0.0000 295.6818 15.11093796000013
SAT_06_20
1 90130U 26001A   26149.00000000  .00000000  00000-0  00000-0 0  9994
2 90130  53.2000  25.0000 0001000   0.0000 312.0455 15.11093796000016
SAT_06_21
1 90131U 26001A   26149.00000000  .00000000  00000-0  00000-0 0  9995
2 90131  53.2000  25.0000 0001000   0.0000 328.4091 15.11093796000014
SAT_06_22
1 90132U 26001A   26149.00000000  .00000000  00000-0  00000-0 0  9996
2 90132  53.2000  25.0000 0001000   0.0000 344.7727 15.11093796000012
SAT_07_01
1 90133U 26001A   26149.00000000  .00000000  00000-0  00000-0 0  9997
2 90133  53.2000  30.0000 0001000   0.0000   1.3636 15.11093796000014
SAT_07_02
1 90134U 26001A   26149.00000000  .00000000  00000-0  00000-0 0  9998
2 90134  53.2000  30.0000 0001000   0.0000  17.7273 15.11093796000013
SAT_07_03
1 90135U 26001A   26149.00000000  .00000000  00000-0  00000-0 0  9999
2 90135  53.2000  30.0000 0001000   0.0000  34.0909 15.11093796000012
SAT_07_04
1 90136U 26001A   26149.00000000  .00000000  00000-0  00000-0 0  9990
2 90136  53.2000  30.0000 0001000   0.0000  50.4545 15.11093796000011
SAT_07_05
1 90137U 26001A   26149.00000000  .00000000  00000-0  00000-0 0  9991
2 90137  53.2000  30.0000 0001000   0.0000  66.8182 15.11093796000010
SAT_07_06
1 90138U 26001A   26149.00000000  .00000000  00000-0  00000-0 0  9992
2 90138  53.2000  30.0000 0001000   0.0000  83.1818 15.11093796000019
SAT_07_07
1 90139U 26001A   26149.00000000  .00000000  00000-0  00000-0 0  9993
2 90139  53.2000  30.0000 0001000   0.0000  99.5455 15.11093796000018
SAT_07_08
1 90140U 26001A   26149.00000000  .00000000  00000-0  00000-0 0  9995
2 90140  53.2000  30.0000 0001000   0.0000 115.9091 15.11093796000019
SAT_07_09
1 90141U 26001A   26149.00000000  .00000000  00000-0  00000-0 0  9996
2 90141  53.2000  30.0000 0001000   0.0000 132.2727 15.11093796000018
SAT_07_10
1 90142U 26001A   26149.00000000  .00000000  00000-0  00000-0 0  9997
2 90142  53.2000  30.0000 0001000   0.0000 148.6364 15.11093796000017
SAT_07_11
1 90143U 26001A   26149.00000000  .00000000  00000-0  00000-0 0  9998
2 90143  53.2000  30.0000 0001000   0.0000 165.0000 15.11093796000018
SAT_07_12
1 90144U 26001A   26149.00000000  .00000000  00000-0  00000-0 0  9999
2 90144  53.2000  30.0000 0001000   0.0000 181.3636 15.11093796000015
SAT_07_13
1 90145U 26001A   26149.00000000  .00000000  00000-0  00000-0 0  9990
2 90145  53.2000  30.0000 0001000   0.0000 197.7273 15.11093796000014
SAT_07_14
1 90146U 26001A   26149.00000000  .00000000  00000-0  00000-0 0  9991
2 90146  53.2000  30.0000 0001000   0.0000 214.0909 15.11093796000014
SAT_07_15
1 90147U 26001A   26149.00000000  .00000000  00000-0  00000-0 0  9992
2 90147  53.2000  30.0000 0001000   0.0000 230.4545 15.11093796000013
SAT_07_16
1 90148U 26001A   26149.00000000  .00000000  00000-0  00000-0 0  9993
2 90148  53.2000  30.0000 0001000   0.0000 246.8182 15.11093796000012
SAT_07_17
1 90149U 26001A   26149.00000000  .00000000  00000-0  00000-0 0  9994
2 90149  53.2000  30.0000 0001000   0.0000 263.1818 15.11093796000011
SAT_07_18
1 90150U 26001A   26149.00000000  .00000000  00000-0  00000-0 0  9996
2 90150  53.2000  30.0000 0001000   0.0000 279.5455 15.11093796000011
SAT_07_19
1 90151U 26001A   26149.00000000  .00000000  00000-0  00000-0 0  9997
2 90151  53.2000  30.0000 0001000   0.0000 295.9091 15.11093796000010
SAT_07_20
1 90152U 26001A   26149.00000000  .00000000  00000-0  00000-0 0  9998
2 90152  53.2000  30.0000 0001000   0.0000 312.2727 15.11093796000010
SAT_07_21
1 90153U 26001A   26149.00000000  .00000000  00000-0  00000-0 0  9999
2 90153  53.2000  30.0000 0001000   0.0000 328.6364 15.11093796000019
SAT_07_22
1 90154U 26001A   26149.00000000  .00000000  00000-0  00000-0 0  9990
2 90154  53.2000  30.0000 0001000   0.0000 345.0000 15.11093796000010
SAT_08_01
1 90155U 26001A   26149.00000000  .00000000  00000-0  00000-0 0  9991
2 90155  53.2000  35.0000 0001000   0.0000   1.5909 15.11093796000018
SAT_08_02
1 90156U 26001A   26149.00000000  .00000000  00000-0  00000-0 0  9992
2 90156  53.2000  35.0000 0001000   0.0000  17.9545 15.11093796000016
SAT_08_03
1 90157U 26001A   26149.00000000  .00000000  00000-0  00000-0 0  9993
2 90157  53.2000  35.0000 0001000   0.0000  34.3182 15.11093796000017
SAT_08_04
1 90158U 26001A   26149.00000000  .00000000  00000-0  00000-0 0  9994
2 90158  53.2000  35.0000 0001000   0.0000  50.6818 15.11093796000015
SAT_08_05
1 90159U 26001A   26149.00000000  .00000000  00000-0  00000-0 0  9995
2 90159  53.2000  35.0000 0001000   0.0000  67.0455 15.11093796000015
SAT_08_06
1 90160U 26001A   26149.00000000  .00000000  00000-0  00000-0 0  9997
2 90160  53.2000  35.0000 0001000   0.0000  83.4091 15.11093796000015
SAT_08_07
1 90161U 26001A   26149.00000000  .00000000  00000-0  00000-0 0  9998
2 90161  53.2000  35.0000 0001000   0.0000  99.7727 15.11093796000012
SAT_08_08
1 90162U 26001A   26149.00000000  .00000000  00000-0  00000-0 0  9999
2 90162  53.2000  35.0000 0001000   0.0000 116.1364 15.11093796000014
SAT_08_09
1 90163U 26001A   26149.00000000  .00000000  00000-0  00000-0 0  9990
2 90163  53.2000  35.0000 0001000   0.0000 132.5000 15.11093796000014
SAT_08_10
1 90164U 26001A   26149.00000000  .00000000  00000-0  00000-0 0  9991
2 90164  53.2000  35.0000 0001000   0.0000 148.8636 15.11093796000010
SAT_08_11
1 90165U 26001A   26149.00000000  .00000000  00000-0  00000-0 0  9992
2 90165  53.2000  35.0000 0001000   0.0000 165.2273 15.11093796000011
SAT_08_12
1 90166U 26001A   26149.00000000  .00000000  00000-0  00000-0 0  9993
2 90166  53.2000  35.0000 0001000   0.0000 181.5909 15.11093796000019
SAT_08_13
1 90167U 26001A   26149.00000000  .00000000  00000-0  00000-0 0  9994
2 90167  53.2000  35.0000 0001000   0.0000 197.9545 15.11093796000017
SAT_08_14
1 90168U 26001A   26149.00000000  .00000000  00000-0  00000-0 0  9995
2 90168  53.2000  35.0000 0001000   0.0000 214.3182 15.11093796000019
SAT_08_15
1 90169U 26001A   26149.00000000  .00000000  00000-0  00000-0 0  9996
2 90169  53.2000  35.0000 0001000   0.0000 230.6818 15.11093796000017
SAT_08_16
1 90170U 26001A   26149.00000000  .00000000  00000-0  00000-0 0  9998
2 90170  53.2000  35.0000 0001000   0.0000 247.0455 15.11093796000018
SAT_08_17
1 90171U 26001A   26149.00000000  .00000000  00000-0  00000-0 0  9999
2 90171  53.2000  35.0000 0001000   0.0000 263.4091 15.11093796000017
SAT_08_18
1 90172U 26001A   26149.00000000  .00000000  00000-0  00000-0 0  9990
2 90172  53.2000  35.0000 0001000   0.0000 279.7727 15.11093796000014
SAT_08_19
1 90173U 26001A   26149.00000000  .00000000  00000-0  00000-0 0  9991
2 90173  53.2000  35.0000 0001000   0.0000 296.1364 15.11093796000015
SAT_08_20
1 90174U 26001A   26149.00000000  .00000000  00000-0  00000-0 0  9992
2 90174  53.2000  35.0000 0001000   0.0000 312.5000 15.11093796000016
SAT_08_21
1 90175U 26001A   26149.00000000  .00000000  00000-0  00000-0 0  9993
2 90175  53.2000  35.0000 0001000   0.0000 328.8636 15.11093796000012
SAT_08_22
1 90176U 26001A   26149.00000000  .00000000  00000-0  00000-0 0  9994
2 90176  53.2000  35.0000 0001000   0.0000 345.2273 15.11093796000013
SAT_09_01
1 90177U 26001A   26149.00000000  .00000000  00000-0  00000-0 0  9995
2 90177  53.2000  40.0000 0001000   0.0000   1.8182 15.11093796000014
SAT_09_02
1 90178U 26001A   26149.00000000  .00000000  00000-0  00000-0 0  9996
2 90178  53.2000  40.0000 0001000   0.0000  18.1818 15.11093796000012
SAT_09_03
1 90179U 26001A   26149.00000000  .00000000  00000-0  00000-0 0  9997
2 90179  53.2000  40.0000 0001000   0.0000  34.5455 15.11093796000012
SAT_09_04
1 90180U 26001A   26149.00000000  .00000000  00000-0  00000-0 0  9999
2 90180  53.2000  40.0000 0001000   0.0000  50.9091 15.11093796000012
SAT_09_05
1 90181U 26001A   26149.00000000  .00000000  00000-0  00000-0 0  9990
2 90181  53.2000  40.0000 0001000   0.0000  67.2727 15.11093796000010
SAT_09_06
1 90182U 26001A   26149.00000000  .00000000  00000-0  00000-0 0  9991
2 90182  53.2000  40.0000 0001000   0.0000  83.6364 15.11093796000010
SAT_09_07
1 90183U 26001A   26149.00000000  .00000000  00000-0  00000-0 0  9992
2 90183  53.2000  40.0000 0001000   0.0000 100.0000 15.11093796000012
SAT_09_08
1 90184U 26001A   26149.00000000  .00000000  00000-0  00000-0 0  9993
2 90184  53.2000  40.0000 0001000   0.0000 116.3636 15.11093796000018
SAT_09_09
1 90185U 26001A   26149.00000000  .00000000  00000-0  00000-0 0  9994
2 90185  53.2000  40.0000 0001000   0.0000 132.7273 15.11093796000018
SAT_09_10
1 90186U 26001A   26149.00000000  .00000000  00000-0  00000-0 0  9995
2 90186  53.2000  40.0000 0001000   0.0000 149.0909 15.11093796000016
SAT_09_11
1 90187U 26001A   26149.00000000  .00000000  00000-0  00000-0 0  9996
2 90187  53.2000  40.0000 0001000   0.0000 165.4545 15.11093796000015
SAT_09_12
1 90188U 26001A   26149.00000000  .00000000  00000-0  00000-0 0  9997
2 90188  53.2000  40.0000 0001000   0.0000 181.8182 15.11093796000015
SAT_09_13
1 90189U 26001A   26149.00000000  .00000000  00000-0  00000-0 0  9998
2 90189  53.2000  40.0000 0001000   0.0000 198.1818 15.11093796000013
SAT_09_14
1 90190U 26001A   26149.00000000  .00000000  00000-0  00000-0 0  9990
2 90190  53.2000  40.0000 0001000   0.0000 214.5455 15.11093796000015
SAT_09_15
1 90191U 26001A   26149.00000000  .00000000  00000-0  00000-0 0  9991
2 90191  53.2000  40.0000 0001000   0.0000 230.9091 15.11093796000014
SAT_09_16
1 90192U 26001A   26149.00000000  .00000000  00000-0  00000-0 0  9992
2 90192  53.2000  40.0000 0001000   0.0000 247.2727 15.11093796000012
SAT_09_17
1 90193U 26001A   26149.00000000  .00000000  00000-0  00000-0 0  9993
2 90193  53.2000  40.0000 0001000   0.0000 263.6364 15.11093796000012
SAT_09_18
1 90194U 26001A   26149.00000000  .00000000  00000-0  00000-0 0  9994
2 90194  53.2000  40.0000 0001000   0.0000 280.0000 15.11093796000013
SAT_09_19
1 90195U 26001A   26149.00000000  .00000000  00000-0  00000-0 0  9995
2 90195  53.2000  40.0000 0001000   0.0000 296.3636 15.11093796000019
SAT_09_20
1 90196U 26001A   26149.00000000  .00000000  00000-0  00000-0 0  9996
2 90196  53.2000  40.0000 0001000   0.0000 312.7273 15.11093796000010
SAT_09_21
1 90197U 26001A   26149.00000000  .00000000  00000-0  00000-0 0  9997
2 90197  53.2000  40.0000 0001000   0.0000 329.0909 15.11093796000018
SAT_09_22
1 90198U 26001A   26149.00000000  .00000000  00000-0  00000-0 0  9998
2 90198  53.2000  40.0000 0001000   0.0000 345.4545 15.11093796000017
SAT_10_01
1 90199U 26001A   26149.00000000  .00000000  00000-0  00000-0 0  9999
2 90199  53.2000  45.0000 0001000   0.0000   2.0455 15.11093796000019
SAT_10_02
1 90200U 26001A   26149.00000000  .00000000  00000-0  00000-0 0  9992
2 90200  53.2000  45.0000 0001000   0.0000  18.4091 15.11093796000019
SAT_10_03
1 90201U 26001A   26149.00000000  .00000000  00000-0  00000-0 0  9993
2 90201  53.2000  45.0000 0001000   0.0000  34.7727 15.11093796000017
SAT_10_04
1 90202U 26001A   26149.00000000  .00000000  00000-0  00000-0 0  9994
2 90202  53.2000  45.0000 0001000   0.0000  51.1364 15.11093796000018
SAT_10_05
1 90203U 26001A   26149.00000000  .00000000  00000-0  00000-0 0  9995
2 90203  53.2000  45.0000 0001000   0.0000  67.5000 15.11093796000017
SAT_10_06
1 90204U 26001A   26149.00000000  .00000000  00000-0  00000-0 0  9996
2 90204  53.2000  45.0000 0001000   0.0000  83.8636 15.11093796000014
SAT_10_07
1 90205U 26001A   26149.00000000  .00000000  00000-0  00000-0 0  9997
2 90205  53.2000  45.0000 0001000   0.0000 100.2273 15.11093796000016
SAT_10_08
1 90206U 26001A   26149.00000000  .00000000  00000-0  00000-0 0  9998
2 90206  53.2000  45.0000 0001000   0.0000 116.5909 15.11093796000013
SAT_10_09
1 90207U 26001A   26149.00000000  .00000000  00000-0  00000-0 0  9999
2 90207  53.2000  45.0000 0001000   0.0000 132.9545 15.11093796000012
SAT_10_10
1 90208U 26001A   26149.00000000  .00000000  00000-0  00000-0 0  9990
2 90208  53.2000  45.0000 0001000   0.0000 149.3182 15.11093796000012
SAT_10_11
1 90209U 26001A   26149.00000000  .00000000  00000-0  00000-0 0  9991
2 90209  53.2000  45.0000 0001000   0.0000 165.6818 15.11093796000010
SAT_10_12
1 90210U 26001A   26149.00000000  .00000000  00000-0  00000-0 0  9993
2 90210  53.2000  45.0000 0001000   0.0000 182.0455 15.11093796000012
SAT_10_13
1 90211U 26001A   26149.00000000  .00000000  00000-0  00000-0 0  9994
2 90211  53.2000  45.0000 0001000   0.0000 198.4091 15.11093796000010
SAT_10_14
1 90212U 26001A   26149.00000000  .00000000  00000-0  00000-0 0  9995
2 90212  53.2000  45.0000 0001000   0.0000 214.7727 15.11093796000019
SAT_10_15
1 90213U 26001A   26149.00000000  .00000000  00000-0  00000-0 0  9996
2 90213  53.2000  45.0000 0001000   0.0000 231.1364 15.11093796000010
SAT_10_16
1 90214U 26001A   26149.00000000  .00000000  00000-0  00000-0 0  9997
2 90214  53.2000  45.0000 0001000   0.0000 247.5000 15.11093796000019
SAT_10_17
1 90215U 26001A   26149.00000000  .00000000  00000-0  00000-0 0  9998
2 90215  53.2000  45.0000 0001000   0.0000 263.8636 15.11093796000016
SAT_10_18
1 90216U 26001A   26149.00000000  .00000000  00000-0  00000-0 0  9999
2 90216  53.2000  45.0000 0001000   0.0000 280.2273 15.11093796000017
SAT_10_19
1 90217U 26001A   26149.00000000  .00000000  00000-0  00000-0 0  9990
2 90217  53.2000  45.0000 0001000   0.0000 296.5909 15.11093796000014
SAT_10_20
1 90218U 26001A   26149.00000000  .00000000  00000-0  00000-0 0  9991
2 90218  53.2000  45.0000 0001000   0.0000 312.9545 15.11093796000014
SAT_10_21
1 90219U 26001A   26149.00000000  .00000000  00000-0  00000-0 0  9992
2 90219  53.2000  45.0000 0001000   0.0000 329.3182 15.11093796000014
SAT_10_22
1 90220U 26001A   26149.00000000  .00000000  00000-0  00000-0 0  9994
2 90220  53.2000  45.0000 0001000   0.0000 345.6818 15.11093796000013
SAT_11_01
1 90221U 26001A   26149.00000000  .00000000  00000-0  00000-0 0  9995
2 90221  53.2000  50.0000 0001000   0.0000   2.2727 15.11093796000015
SAT_11_02
1 90222U 26001A   26149.00000000  .00000000  00000-0  00000-0 0  9996
2 90222  53.2000  50.0000 0001000   0.0000  18.6364 15.11093796000014
SAT_11_03
1 90223U 26001A   26149.00000000  .00000000  00000-0  00000-0 0  9997
2 90223  53.2000  50.0000 0001000   0.0000  35.0000 15.11093796000015
SAT_11_04
1 90224U 26001A   26149.00000000  .00000000  00000-0  00000-0 0  9998
2 90224  53.2000  50.0000 0001000   0.0000  51.3636 15.11093796000012
SAT_11_05
1 90225U 26001A   26149.00000000  .00000000  00000-0  00000-0 0  9999
2 90225  53.2000  50.0000 0001000   0.0000  67.7273 15.11093796000011
SAT_11_06
1 90226U 26001A   26149.00000000  .00000000  00000-0  00000-0 0  9990
2 90226  53.2000  50.0000 0001000   0.0000  84.0909 15.11093796000010
SAT_11_07
1 90227U 26001A   26149.00000000  .00000000  00000-0  00000-0 0  9991
2 90227  53.2000  50.0000 0001000   0.0000 100.4545 15.11093796000010
SAT_11_08
1 90228U 26001A   26149.00000000  .00000000  00000-0  00000-0 0  9992
2 90228  53.2000  50.0000 0001000   0.0000 116.8182 15.11093796000019
SAT_11_09
1 90229U 26001A   26149.00000000  .00000000  00000-0  00000-0 0  9993
2 90229  53.2000  50.0000 0001000   0.0000 133.1818 15.11093796000018
SAT_11_10
1 90230U 26001A   26149.00000000  .00000000  00000-0  00000-0 0  9995
2 90230  53.2000  50.0000 0001000   0.0000 149.5455 15.11093796000018
SAT_11_11
1 90231U 26001A   26149.00000000  .00000000  00000-0  00000-0 0  9996
2 90231  53.2000  50.0000 0001000   0.0000 165.9091 15.11093796000017
SAT_11_12
1 90232U 26001A   26149.00000000  .00000000  00000-0  00000-0 0  9997
2 90232  53.2000  50.0000 0001000   0.0000 182.2727 15.11093796000016
SAT_11_13
1 90233U 26001A   26149.00000000  .00000000  00000-0  00000-0 0  9998
2 90233  53.2000  50.0000 0001000   0.0000 198.6364 15.11093796000015
SAT_11_14
1 90234U 26001A   26149.00000000  .00000000  00000-0  00000-0 0  9999
2 90234  53.2000  50.0000 0001000   0.0000 215.0000 15.11093796000017
SAT_11_15
1 90235U 26001A   26149.00000000  .00000000  00000-0  00000-0 0  9990
2 90235  53.2000  50.0000 0001000   0.0000 231.3636 15.11093796000014
SAT_11_16
1 90236U 26001A   26149.00000000  .00000000  00000-0  00000-0 0  9991
2 90236  53.2000  50.0000 0001000   0.0000 247.7273 15.11093796000013
SAT_11_17
1 90237U 26001A   26149.00000000  .00000000  00000-0  00000-0 0  9992
2 90237  53.2000  50.0000 0001000   0.0000 264.0909 15.11093796000012
SAT_11_18
1 90238U 26001A   26149.00000000  .00000000  00000-0  00000-0 0  9993
2 90238  53.2000  50.0000 0001000   0.0000 280.4545 15.11093796000011
SAT_11_19
1 90239U 26001A   26149.00000000  .00000000  00000-0  00000-0 0  9994
2 90239  53.2000  50.0000 0001000   0.0000 296.8182 15.11093796000010
SAT_11_20
1 90240U 26001A   26149.00000000  .00000000  00000-0  00000-0 0  9996
2 90240  53.2000  50.0000 0001000   0.0000 313.1818 15.11093796000011
SAT_11_21
1 90241U 26001A   26149.00000000  .00000000  00000-0  00000-0 0  9997
2 90241  53.2000  50.0000 0001000   0.0000 329.5455 15.11093796000010
SAT_11_22
1 90242U 26001A   26149.00000000  .00000000  00000-0  00000-0 0  9998
2 90242  53.2000  50.0000 0001000   0.0000 345.9091 15.11093796000019
SAT_12_01
1 90243U 26001A   26149.00000000  .00000000  00000-0  00000-0 0  9999
2 90243  53.2000  55.0000 0001000   0.0000   2.5000 15.11093796000011
SAT_12_02
1 90244U 26001A   26149.00000000  .00000000  00000-0  00000-0 0  9990
2 90244  53.2000  55.0000 0001000   0.0000  18.8636 15.11093796000017
SAT_12_03
1 90245U 26001A   26149.00000000  .00000000  00000-0  00000-0 0  9991
2 90245  53.2000  55.0000 0001000   0.0000  35.2273 15.11093796000018
SAT_12_04
1 90246U 26001A   26149.00000000  .00000000  00000-0  00000-0 0  9992
2 90246  53.2000  55.0000 0001000   0.0000  51.5909 15.11093796000016
SAT_12_05
1 90247U 26001A   26149.00000000  .00000000  00000-0  00000-0 0  9993
2 90247  53.2000  55.0000 0001000   0.0000  67.9545 15.11093796000014
SAT_12_06
1 90248U 26001A   26149.00000000  .00000000  00000-0  00000-0 0  9994
2 90248  53.2000  55.0000 0001000   0.0000  84.3182 15.11093796000015
SAT_12_07
1 90249U 26001A   26149.00000000  .00000000  00000-0  00000-0 0  9995
2 90249  53.2000  55.0000 0001000   0.0000 100.6818 15.11093796000014
SAT_12_08
1 90250U 26001A   26149.00000000  .00000000  00000-0  00000-0 0  9997
2 90250  53.2000  55.0000 0001000   0.0000 117.0455 15.11093796000015
SAT_12_09
1 90251U 26001A   26149.00000000  .00000000  00000-0  00000-0 0  9998
2 90251  53.2000  55.0000 0001000   0.0000 133.4091 15.11093796000014
SAT_12_10
1 90252U 26001A   26149.00000000  .00000000  00000-0  00000-0 0  9999
2 90252  53.2000  55.0000 0001000   0.0000 149.7727 15.11093796000011
SAT_12_11
1 90253U 26001A   26149.00000000  .00000000  00000-0  00000-0 0  9990
2 90253  53.2000  55.0000 0001000   0.0000 166.1364 15.11093796000012
SAT_12_12
1 90254U 26001A   26149.00000000  .00000000  00000-0  00000-0 0  9991
2 90254  53.2000  55.0000 0001000   0.0000 182.5000 15.11093796000012
SAT_12_13
1 90255U 26001A   26149.00000000  .00000000  00000-0  00000-0 0  9992
2 90255  53.2000  55.0000 0001000   0.0000 198.8636 15.11093796000018
SAT_12_14
1 90256U 26001A   26149.00000000  .00000000  00000-0  00000-0 0  9993
2 90256  53.2000  55.0000 0001000   0.0000 215.2273 15.11093796000010
SAT_12_15
1 90257U 26001A   26149.00000000  .00000000  00000-0  00000-0 0  9994
2 90257  53.2000  55.0000 0001000   0.0000 231.5909 15.11093796000018
SAT_12_16
1 90258U 26001A   26149.00000000  .00000000  00000-0  00000-0 0  9995
2 90258  53.2000  55.0000 0001000   0.0000 247.9545 15.11093796000016
SAT_12_17
1 90259U 26001A   26149.00000000  .00000000  00000-0  00000-0 0  9996
2 90259  53.2000  55.0000 0001000   0.0000 264.3182 15.11093796000017
SAT_12_18
1 90260U 26001A   26149.00000000  .00000000  00000-0  00000-0 0  9998
2 90260  53.2000  55.0000 0001000   0.0000 280.6818 15.11093796000016
SAT_12_19
1 90261U 26001A   26149.00000000  .00000000  00000-0  00000-0 0  9999
2 90261  53.2000  55.0000 0001000   0.0000 297.0455 15.11093796000016
SAT_12_20
1 90262U 26001A   26149.00000000  .00000000  00000-0  00000-0 0  9990
2 90262  53.2000  55.0000 0001000   0.0000 313.4091 15.11093796000016
SAT_12_21
1 90263U 26001A   26149.00000000  .00000000  00000-0  00000-0 0  9991
2 90263  53.2000  55.0000 0001000   0.0000 329.7727 15.11093796000013
SAT_12_22
1 90264U 26001A   26149.00000000  .00000000  00000-0  00000-0 0  9992
2 90264  53.2000  55.0000 0001000   0.0000 346.1364 15.11093796000014
SAT_13_01
1 90265U 26001A   26149.00000000  .00000000  00000-0  00000-0 0  9993
2 90265  53.2000  60.0000 0001000   0.0000   2.7273 15.11093796000015
SAT_13_02
1 90266U 26001A   26149.00000000  .00000000  00000-0  00000-0 0  9994
2 90266  53.2000  60.0000 0001000   0.0000  19.0909 15.11093796000013
SAT_13_03
1 90267U 26001A   26149.00000000  .00000000  00000-0  00000-0 0  9995
2 90267  53.2000  60.0000 0001000   0.0000  35.4545 15.11093796000012
SAT_13_04
1 90268U 26001A   26149.00000000  .00000000  00000-0  00000-0 0  9996
2 90268  53.2000  60.0000 0001000   0.0000  51.8182 15.11093796000012
SAT_13_05
1 90269U 26001A   26149.00000000  .00000000  00000-0  00000-0 0  9997
2 90269  53.2000  60.0000 0001000   0.0000  68.1818 15.11093796000010
SAT_13_06
1 90270U 26001A   26149.00000000  .00000000  00000-0  00000-0 0  9999
2 90270  53.2000  60.0000 0001000   0.0000  84.5455 15.11093796000011
SAT_13_07
1 90271U 26001A   26149.00000000  .00000000  00000-0  00000-0 0  9990
2 90271  53.2000  60.0000 0001000   0.0000 100.9091 15.11093796000011
SAT_13_08
1 90272U 26001A   26149.00000000  .00000000  00000-0  00000-0 0  9991
2 90272  53.2000  60.0000 0001000   0.0000 117.2727 15.11093796000019
SAT_13_09
1 90273U 26001A   26149.00000000  .00000000  00000-0  00000-0 0  9992
2 90273  53.2000  60.0000 0001000   0.0000 133.6364 15.11093796000019
SAT_13_10
1 90274U 26001A   26149.00000000  .00000000  00000-0  00000-0 0  9993
2 90274  53.2000  60.0000 0001000   0.0000 150.0000 15.11093796000010
SAT_13_11
1 90275U 26001A   26149.00000000  .00000000  00000-0  00000-0 0  9994
2 90275  53.2000  60.0000 0001000   0.0000 166.3636 15.11093796000016
SAT_13_12
1 90276U 26001A   26149.00000000  .00000000  00000-0  00000-0 0  9995
2 90276  53.2000  60.0000 0001000   0.0000 182.7273 15.11093796000016
SAT_13_13
1 90277U 26001A   26149.00000000  .00000000  00000-0  00000-0 0  9996
2 90277  53.2000  60.0000 0001000   0.0000 199.0909 15.11093796000014
SAT_13_14
1 90278U 26001A   26149.00000000  .00000000  00000-0  00000-0 0  9997
2 90278  53.2000  60.0000 0001000   0.0000 215.4545 15.11093796000014
SAT_13_15
1 90279U 26001A   26149.00000000  .00000000  00000-0  00000-0 0  9998
2 90279  53.2000  60.0000 0001000   0.0000 231.8182 15.11093796000014
SAT_13_16
1 90280U 26001A   26149.00000000  .00000000  00000-0  00000-0 0  9990
2 90280  53.2000  60.0000 0001000   0.0000 248.1818 15.11093796000013
SAT_13_17
1 90281U 26001A   26149.00000000  .00000000  00000-0  00000-0 0  9991
2 90281  53.2000  60.0000 0001000   0.0000 264.5455 15.11093796000013
SAT_13_18
1 90282U 26001A   26149.00000000  .00000000  00000-0  00000-0 0  9992
2 90282  53.2000  60.0000 0001000   0.0000 280.9091 15.11093796000012
SAT_13_19
1 90283U 26001A   26149.00000000  .00000000  00000-0  00000-0 0  9993
2 90283  53.2000  60.0000 0001000   0.0000 297.2727 15.11093796000010
SAT_13_20
1 90284U 26001A   26149.00000000  .00000000  00000-0  00000-0 0  9994
2 90284  53.2000  60.0000 0001000   0.0000 313.6364 15.11093796000011
SAT_13_21
1 90285U 26001A   26149.00000000  .00000000  00000-0  00000-0 0  9995
2 90285  53.2000  60.0000 0001000   0.0000 330.0000 15.11093796000012
SAT_13_22
1 90286U 26001A   26149.00000000  .00000000  00000-0  00000-0 0  9996
2 90286  53.2000  60.0000 0001000   0.0000 346.3636 15.11093796000018
SAT_14_01
1 90287U 26001A   26149.00000000  .00000000  00000-0  00000-0 0  9997
2 90287  53.2000  65.0000 0001000   0.0000   2.9545 15.11093796000018
SAT_14_02
1 90288U 26001A   26149.00000000  .00000000  00000-0  00000-0 0  9998
2 90288  53.2000  65.0000 0001000   0.0000  19.3182 15.11093796000018
SAT_14_03
1 90289U 26001A   26149.00000000  .00000000  00000-0  00000-0 0  9999
2 90289  53.2000  65.0000 0001000   0.0000  35.6818 15.11093796000016
SAT_14_04
1 90290U 26001A   26149.00000000  .00000000  00000-0  00000-0 0  9991
2 90290  53.2000  65.0000 0001000   0.0000  52.0455 15.11093796000018
SAT_14_05
1 90291U 26001A   26149.00000000  .00000000  00000-0  00000-0 0  9992
2 90291  53.2000  65.0000 0001000   0.0000  68.4091 15.11093796000016
SAT_14_06
1 90292U 26001A   26149.00000000  .00000000  00000-0  00000-0 0  9993
2 90292  53.2000  65.0000 0001000   0.0000  84.7727 15.11093796000014
SAT_14_07
1 90293U 26001A   26149.00000000  .00000000  00000-0  00000-0 0  9994
2 90293  53.2000  65.0000 0001000   0.0000 101.1364 15.11093796000016
SAT_14_08
1 90294U 26001A   26149.00000000  .00000000  00000-0  00000-0 0  9995
2 90294  53.2000  65.0000 0001000   0.0000 117.5000 15.11093796000015
SAT_14_09
1 90295U 26001A   26149.00000000  .00000000  00000-0  00000-0 0  9996
2 90295  53.2000  65.0000 0001000   0.0000 133.8636 15.11093796000012
SAT_14_10
1 90296U 26001A   26149.00000000  .00000000  00000-0  00000-0 0  9997
2 90296  53.2000  65.0000 0001000   0.0000 150.2273 15.11093796000013
SAT_14_11
1 90297U 26001A   26149.00000000  .00000000  00000-0  00000-0 0  9998
2 90297  53.2000  65.0000 0001000   0.0000 166.5909 15.11093796000010
SAT_14_12
1 90298U 26001A   26149.00000000  .00000000  00000-0  00000-0 0  9999
2 90298  53.2000  65.0000 0001000   0.0000 182.9545 15.11093796000019
SAT_14_13
1 90299U 26001A   26149.00000000  .00000000  00000-0  00000-0 0  9990
2 90299  53.2000  65.0000 0001000   0.0000 199.3182 15.11093796000019
SAT_14_14
1 90300U 26001A   26149.00000000  .00000000  00000-0  00000-0 0  9993
2 90300  53.2000  65.0000 0001000   0.0000 215.6818 15.11093796000010
SAT_14_15
1 90301U 26001A   26149.00000000  .00000000  00000-0  00000-0 0  9994
2 90301  53.2000  65.0000 0001000   0.0000 232.0455 15.11093796000011
SAT_14_16
1 90302U 26001A   26149.00000000  .00000000  00000-0  00000-0 0  9995
2 90302  53.2000  65.0000 0001000   0.0000 248.4091 15.11093796000019
SAT_14_17
1 90303U 26001A   26149.00000000  .00000000  00000-0  00000-0 0  9996
2 90303  53.2000  65.0000 0001000   0.0000 264.7727 15.11093796000017
SAT_14_18
1 90304U 26001A   26149.00000000  .00000000  00000-0  00000-0 0  9997
2 90304  53.2000  65.0000 0001000   0.0000 281.1364 15.11093796000018
SAT_14_19
1 90305U 26001A   26149.00000000  .00000000  00000-0  00000-0 0  9998
2 90305  53.2000  65.0000 0001000   0.0000 297.5000 15.11093796000017
SAT_14_20
1 90306U 26001A   26149.00000000  .00000000  00000-0  00000-0 0  9999
2 90306  53.2000  65.0000 0001000   0.0000 313.8636 15.11093796000015
SAT_14_21
1 90307U 26001A   26149.00000000  .00000000  00000-0  00000-0 0  9990
2 90307  53.2000  65.0000 0001000   0.0000 330.2273 15.11093796000016
SAT_14_22
1 90308U 26001A   26149.00000000  .00000000  00000-0  00000-0 0  9991
2 90308  53.2000  65.0000 0001000   0.0000 346.5909 15.11093796000013
SAT_15_01
1 90309U 26001A   26149.00000000  .00000000  00000-0  00000-0 0  9992
2 90309  53.2000  70.0000 0001000   0.0000   3.1818 15.11093796000015
SAT_15_02
1 90310U 26001A   26149.00000000  .00000000  00000-0  00000-0 0  9994
2 90310  53.2000  70.0000 0001000   0.0000  19.5455 15.11093796000015
SAT_15_03
1 90311U 26001A   26149.00000000  .00000000  00000-0  00000-0 0  9995
2 90311  53.2000  70.0000 0001000   0.0000  35.9091 15.11093796000014
SAT_15_04
1 90312U 26001A   26149.00000000  .00000000  00000-0  00000-0 0  9996
2 90312  53.2000  70.0000 0001000   0.0000  52.2727 15.11093796000013
SAT_15_05
1 90313U 26001A   26149.00000000  .00000000  00000-0  00000-0 0  9997
2 90313  53.2000  70.0000 0001000   0.0000  68.6364 15.11093796000012
SAT_15_06
1 90314U 26001A   26149.00000000  .00000000  00000-0  00000-0 0  9998
2 90314  53.2000  70.0000 0001000   0.0000  85.0000 15.11093796000013
SAT_15_07
1 90315U 26001A   26149.00000000  .00000000  00000-0  00000-0 0  9999
2 90315  53.2000  70.0000 0001000   0.0000 101.3636 15.11093796000011
SAT_15_08
1 90316U 26001A   26149.00000000  .00000000  00000-0  00000-0 0  9990
2 90316  53.2000  70.0000 0001000   0.0000 117.7273 15.11093796000010
SAT_15_09
1 90317U 26001A   26149.00000000  .00000000  00000-0  00000-0 0  9991
2 90317  53.2000  70.0000 0001000   0.0000 134.0909 15.11093796000019
SAT_15_10
1 90318U 26001A   26149.00000000  .00000000  00000-0  00000-0 0  9992
2 90318  53.2000  70.0000 0001000   0.0000 150.4545 15.11093796000018
SAT_15_11
1 90319U 26001A   26149.00000000  .00000000  00000-0  00000-0 0  9993
2 90319  53.2000  70.0000 0001000   0.0000 166.8182 15.11093796000017
SAT_15_12
1 90320U 26001A   26149.00000000  .00000000  00000-0  00000-0 0  9995
2 90320  53.2000  70.0000 0001000   0.0000 183.1818 15.11093796000017
SAT_15_13
1 90321U 26001A   26149.00000000  .00000000  00000-0  00000-0 0  9996
2 90321  53.2000  70.0000 0001000   0.0000 199.5455 15.11093796000016
SAT_15_14
1 90322U 26001A   26149.00000000  .00000000  00000-0  00000-0 0  9997
2 90322  53.2000  70.0000 0001000   0.0000 215.9091 15.11093796000016
SAT_15_15
1 90323U 26001A   26149.00000000  .00000000  00000-0  00000-0 0  9998
2 90323  53.2000  70.0000 0001000   0.0000 232.2727 15.11093796000015
SAT_15_16
1 90324U 26001A   26149.00000000  .00000000  00000-0  00000-0 0  9999
2 90324  53.2000  70.0000 0001000   0.0000 248.6364 15.11093796000014
SAT_15_17
1 90325U 26001A   26149.00000000  .00000000  00000-0  00000-0 0  9990
2 90325  53.2000  70.0000 0001000   0.0000 265.0000 15.11093796000015
SAT_15_18
1 90326U 26001A   26149.00000000  .00000000  00000-0  00000-0 0  9991
2 90326  53.2000  70.0000 0001000   0.0000 281.3636 15.11093796000012
SAT_15_19
1 90327U 26001A   26149.00000000  .00000000  00000-0  00000-0 0  9992
2 90327  53.2000  70.0000 0001000   0.0000 297.7273 15.11093796000011
SAT_15_20
1 90328U 26001A   26149.00000000  .00000000  00000-0  00000-0 0  9993
2 90328  53.2000  70.0000 0001000   0.0000 314.0909 15.11093796000011
SAT_15_21
1 90329U 26001A   26149.00000000  .00000000  00000-0  00000-0 0  9994
2 90329  53.2000  70.0000 0001000   0.0000 330.4545 15.11093796000010
SAT_15_22
1 90330U 26001A   26149.00000000  .00000000  00000-0  00000-0 0  9996
2 90330  53.2000  70.0000 0001000   0.0000 346.8182 15.11093796000010
SAT_16_01
1 90331U 26001A   26149.00000000  .00000000  00000-0  00000-0 0  9997
2 90331  53.2000  75.0000 0001000   0.0000   3.4091 15.11093796000011
SAT_16_02
1 90332U 26001A   26149.00000000  .00000000  00000-0  00000-0 0  9998
2 90332  53.2000  75.0000 0001000   0.0000  19.7727 15.11093796000018
SAT_16_03
1 90333U 26001A   26149.00000000  .00000000  00000-0  00000-0 0  9999
2 90333  53.2000  75.0000 0001000   0.0000  36.1364 15.11093796000019
SAT_16_04
1 90334U 26001A   26149.00000000  .00000000  00000-0  00000-0 0  9990
2 90334  53.2000  75.0000 0001000   0.0000  52.5000 15.11093796000019
SAT_16_05
1 90335U 26001A   26149.00000000  .00000000  00000-0  00000-0 0  9991
2 90335  53.2000  75.0000 0001000   0.0000  68.8636 15.11093796000015
SAT_16_06
1 90336U 26001A   26149.00000000  .00000000  00000-0  00000-0 0  9992
2 90336  53.2000  75.0000 0001000   0.0000  85.2273 15.11093796000016
SAT_16_07
1 90337U 26001A   26149.00000000  .00000000  00000-0  00000-0 0  9993
2 90337  53.2000  75.0000 0001000   0.0000 101.5909 15.11093796000015
SAT_16_08
1 90338U 26001A   26149.00000000  .00000000  00000-0  00000-0 0  9994
2 90338  53.2000  75.0000 0001000   0.0000 117.9545 15.11093796000013
SAT_16_09
1 90339U 26001A   26149.00000000  .00000000  00000-0  00000-0 0  9995
2 90339  53.2000  75.0000 0001000   0.0000 134.3182 15.11093796000014
SAT_16_10
1 90340U 26001A   26149.00000000  .00000000  00000-0  00000-0 0  9997
2 90340  53.2000  75.0000 0001000   0.0000 150.6818 15.11093796000013
SAT_16_11
1 90341U 26001A   26149.00000000  .00000000  00000-0  00000-0 0  9998
2 90341  53.2000  75.0000 0001000   0.0000 167.0455 15.11093796000013
SAT_16_12
1 90342U 26001A   26149.00000000  .00000000  00000-0  00000-0 0  9999
2 90342  53.2000  75.0000 0001000   0.0000 183.4091 15.11093796000012
SAT_16_13
1 90343U 26001A   26149.00000000  .00000000  00000-0  00000-0 0  9990
2 90343  53.2000  75.0000 0001000   0.0000 199.7727 15.11093796000019
SAT_16_14
1 90344U 26001A   26149.00000000  .00000000  00000-0  00000-0 0  9991
2 90344  53.2000  75.0000 0001000   0.0000 216.1364 15.11093796000011
SAT_16_15
1 90345U 26001A   26149.00000000  .00000000  00000-0  00000-0 0  9992
2 90345  53.2000  75.0000 0001000   0.0000 232.5000 15.11093796000011
SAT_16_16
1 90346U 26001A   26149.00000000  .00000000  00000-0  00000-0 0  9993
2 90346  53.2000  75.0000 0001000   0.0000 248.8636 15.11093796000017
SAT_16_17
1 90347U 26001A   26149.00000000  .00000000  00000-0  00000-0 0  9994
2 90347  53.2000  75.0000 0001000   0.0000 265.2273 15.11093796000018
SAT_16_18
1 90348U 26001A   26149.00000000  .00000000  00000-0  00000-0 0  9995
2 90348  53.2000  75.0000 0001000   0.0000 281.5909 15.11093796000016
SAT_16_19
1 90349U 26001A   26149.00000000  .00000000  00000-0  00000-0 0  9996
2 90349  53.2000  75.0000 0001000   0.0000 297.9545 15.11093796000014
SAT_16_20
1 90350U 26001A   26149.00000000  .00000000  00000-0  00000-0 0  9998
2 90350  53.2000  75.0000 0001000   0.0000 314.3182 15.11093796000017
SAT_16_21
1 90351U 26001A   26149.00000000  .00000000  00000-0  00000-0 0  9999
2 90351  53.2000  75.0000 0001000   0.0000 330.6818 15.11093796000015
SAT_16_22
1 90352U 26001A   26149.00000000  .00000000  00000-0  00000-0 0  9990
2 90352  53.2000  75.0000 0001000   0.0000 347.0455 15.11093796000015
SAT_17_01
1 90353U 26001A   26149.00000000  .00000000  00000-0  00000-0 0  9991
2 90353  53.2000  80.0000 0001000   0.0000   3.6364 15.11093796000016
SAT_17_02
1 90354U 26001A   26149.00000000  .00000000  00000-0  00000-0 0  9992
2 90354  53.2000  80.0000 0001000   0.0000  20.0000 15.11093796000017
SAT_17_03
1 90355U 26001A   26149.00000000  .00000000  00000-0  00000-0 0  9993
2 90355  53.2000  80.0000 0001000   0.0000  36.3636 15.11093796000013
SAT_17_04
1 90356U 26001A   26149.00000000  .00000000  00000-0  00000-0 0  9994
2 90356  53.2000  80.0000 0001000   0.0000  52.7273 15.11093796000013
SAT_17_05
1 90357U 26001A   26149.00000000  .00000000  00000-0  00000-0 0  9995
2 90357  53.2000  80.0000 0001000   0.0000  69.0909 15.11093796000011
SAT_17_06
1 90358U 26001A   26149.00000000  .00000000  00000-0  00000-0 0  9996
2 90358  53.2000  80.0000 0001000   0.0000  85.4545 15.11093796000010
SAT_17_07
1 90359U 26001A   26149.00000000  .00000000  00000-0  00000-0 0  9997
2 90359  53.2000  80.0000 0001000   0.0000 101.8182 15.11093796000011
SAT_17_08
1 90360U 26001A   26149.00000000  .00000000  00000-0  00000-0 0  9999
2 90360  53.2000  80.0000 0001000   0.0000 118.1818 15.11093796000010
SAT_17_09
1 90361U 26001A   26149.00000000  .00000000  00000-0  00000-0 0  9990
2 90361  53.2000  80.0000 0001000   0.0000 134.5455 15.11093796000010
SAT_17_10
1 90362U 26001A   26149.00000000  .00000000  00000-0  00000-0 0  9991
2 90362  53.2000  80.0000 0001000   0.0000 150.9091 15.11093796000019
SAT_17_11
1 90363U 26001A   26149.00000000  .00000000  00000-0  00000-0 0  9992
2 90363  53.2000  80.0000 0001000   0.0000 167.2727 15.11093796000017
SAT_17_12
1 90364U 26001A   26149.00000000  .00000000  00000-0  00000-0 0  9993
2 90364  53.2000  80.0000 0001000   0.0000 183.6364 15.11093796000017
SAT_17_13
1 90365U 26001A   26149.00000000  .00000000  00000-0  00000-0 0  9994
2 90365  53.2000  80.0000 0001000   0.0000 200.0000 15.11093796000019
SAT_17_14
1 90366U 26001A   26149.00000000  .00000000  00000-0  00000-0 0  9995
2 90366  53.2000  80.0000 0001000   0.0000 216.3636 15.11093796000015
SAT_17_15
1 90367U 26001A   26149.00000000  .00000000  00000-0  00000-0 0  9996
2 90367  53.2000  80.0000 0001000   0.0000 232.7273 15.11093796000015
SAT_17_16
1 90368U 26001A   26149.00000000  .00000000  00000-0  00000-0 0  9997
2 90368  53.2000  80.0000 0001000   0.0000 249.0909 15.11093796000013
SAT_17_17
1 90369U 26001A   26149.00000000  .00000000  00000-0  00000-0 0  9998
2 90369  53.2000  80.0000 0001000   0.0000 265.4545 15.11093796000012
SAT_17_18
1 90370U 26001A   26149.00000000  .00000000  00000-0  00000-0 0  9990
2 90370  53.2000  80.0000 0001000   0.0000 281.8182 15.11093796000013
SAT_17_19
1 90371U 26001A   26149.00000000  .00000000  00000-0  00000-0 0  9991
2 90371  53.2000  80.0000 0001000   0.0000 298.1818 15.11093796000011
SAT_17_20
1 90372U 26001A   26149.00000000  .00000000  00000-0  00000-0 0  9992
2 90372  53.2000  80.0000 0001000   0.0000 314.5455 15.11093796000012
SAT_17_21
1 90373U 26001A   26149.00000000  .00000000  00000-0  00000-0 0  9993
2 90373  53.2000  80.0000 0001000   0.0000 330.9091 15.11093796000011
SAT_17_22
1 90374U 26001A   26149.00000000  .00000000  00000-0  00000-0 0  9994
2 90374  53.2000  80.0000 0001000   0.0000 347.2727 15.11093796000019
SAT_18_01
1 90375U 26001A   26149.00000000  .00000000  00000-0  00000-0 0  9995
2 90375  53.2000  85.0000 0001000   0.0000   3.8636 15.11093796000019
SAT_18_02
1 90376U 26001A   26149.00000000  .00000000  00000-0  00000-0 0  9996
2 90376  53.2000  85.0000 0001000   0.0000  20.2273 15.11093796000010
SAT_18_03
1 90377U 26001A   26149.00000000  .00000000  00000-0  00000-0 0  9997
2 90377  53.2000  85.0000 0001000   0.0000  36.5909 15.11093796000017
SAT_18_04
1 90378U 26001A   26149.00000000  .00000000  00000-0  00000-0 0  9998
2 90378  53.2000  85.0000 0001000   0.0000  52.9545 15.11093796000016
SAT_18_05
1 90379U 26001A   26149.00000000  .00000000  00000-0  00000-0 0  9999
2 90379  53.2000  85.0000 0001000   0.0000  69.3182 15.11093796000016
SAT_18_06
1 90380U 26001A   26149.00000000  .00000000  00000-0  00000-0 0  9991
2 90380  53.2000  85.0000 0001000   0.0000  85.6818 15.11093796000015
SAT_18_07
1 90381U 26001A   26149.00000000  .00000000  00000-0  00000-0 0  9992
2 90381  53.2000  85.0000 0001000   0.0000 102.0455 15.11093796000017
SAT_18_08
1 90382U 26001A   26149.00000000  .00000000  00000-0  00000-0 0  9993
2 90382  53.2000  85.0000 0001000   0.0000 118.4091 15.11093796000015
SAT_18_09
1 90383U 26001A   26149.00000000  .00000000  00000-0  00000-0 0  9994
2 90383  53.2000  85.0000 0001000   0.0000 134.7727 15.11093796000013
SAT_18_10
1 90384U 26001A   26149.00000000  .00000000  00000-0  00000-0 0  9995
2 90384  53.2000  85.0000 0001000   0.0000 151.1364 15.11093796000014
SAT_18_11
1 90385U 26001A   26149.00000000  .00000000  00000-0  00000-0 0  9996
2 90385  53.2000  85.0000 0001000   0.0000 167.5000 15.11093796000013
SAT_18_12
1 90386U 26001A   26149.00000000  .00000000  00000-0  00000-0 0  9997
2 90386  53.2000  85.0000 0001000   0.0000 183.8636 15.11093796000010
SAT_18_13
1 90387U 26001A   26149.00000000  .00000000  00000-0  00000-0 0  9998
2 90387  53.2000  85.0000 0001000   0.0000 200.2273 15.11093796000012
SAT_18_14
1 90388U 26001A   26149.00000000  .00000000  00000-0  00000-0 0  9999
2 90388  53.2000  85.0000 0001000   0.0000 216.5909 15.11093796000019
SAT_18_15
1 90389U 26001A   26149.00000000  .00000000  00000-0  00000-0 0  9990
2 90389  53.2000  85.0000 0001000   0.0000 232.9545 15.11093796000018
SAT_18_16
1 90390U 26001A   26149.00000000  .00000000  00000-0  00000-0 0  9992
2 90390  53.2000  85.0000 0001000   0.0000 249.3182 15.11093796000019
SAT_18_17
1 90391U 26001A   26149.00000000  .00000000  00000-0  00000-0 0  9993
2 90391  53.2000  85.0000 0001000   0.0000 265.6818 15.11093796000017
SAT_18_18
1 90392U 26001A   26149.00000000  .00000000  00000-0  00000-0 0  9994
2 90392  53.2000  85.0000 0001000   0.0000 282.0455 15.11093796000018
SAT_18_19
1 90393U 26001A   26149.00000000  .00000000  00000-0  00000-0 0  9995
2 90393  53.2000  85.0000 0001000   0.0000 298.4091 15.11093796000016
SAT_18_20
1 90394U 26001A   26149.00000000  .00000000  00000-0  00000-0 0  9996
2 90394  53.2000  85.0000 0001000   0.0000 314.7727 15.11093796000015
SAT_18_21
1 90395U 26001A   26149.00000000  .00000000  00000-0  00000-0 0  9997
2 90395  53.2000  85.0000 0001000   0.0000 331.1364 15.11093796000016
SAT_18_22
1 90396U 26001A   26149.00000000  .00000000  00000-0  00000-0 0  9998
2 90396  53.2000  85.0000 0001000   0.0000 347.5000 15.11093796000015
SAT_19_01
1 90397U 26001A   26149.00000000  .00000000  00000-0  00000-0 0  9999
2 90397  53.2000  90.0000 0001000   0.0000   4.0909 15.11093796000015
SAT_19_02
1 90398U 26001A   26149.00000000  .00000000  00000-0  00000-0 0  9990
2 90398  53.2000  90.0000 0001000   0.0000  20.4545 15.11093796000014
SAT_19_03
1 90399U 26001A   26149.00000000  .00000000  00000-0  00000-0 0  9991
2 90399  53.2000  90.0000 0001000   0.0000  36.8182 15.11093796000013
SAT_19_04
1 90400U 26001A   26149.00000000  .00000000  00000-0  00000-0 0  9994
2 90400  53.2000  90.0000 0001000   0.0000  53.1818 15.11093796000014
SAT_19_05
1 90401U 26001A   26149.00000000  .00000000  00000-0  00000-0 0  9995
2 90401  53.2000  90.0000 0001000   0.0000  69.5455 15.11093796000013
SAT_19_06
1 90402U 26001A   26149.00000000  .00000000  00000-0  00000-0 0  9996
2 90402  53.2000  90.0000 0001000   0.0000  85.9091 15.11093796000012
SAT_19_07
1 90403U 26001A   26149.00000000  .00000000  00000-0  00000-0 0  9997
2 90403  53.2000  90.0000 0001000   0.0000 102.2727 15.11093796000012
SAT_19_08
1 90404U 26001A   26149.00000000  .00000000  00000-0  00000-0 0  9998
2 90404  53.2000  90.0000 0001000   0.0000 118.6364 15.11093796000011
SAT_19_09
1 90405U 26001A   26149.00000000  .00000000  00000-0  00000-0 0  9999
2 90405  53.2000  90.0000 0001000   0.0000 135.0000 15.11093796000012
SAT_19_10
1 90406U 26001A   26149.00000000  .00000000  00000-0  00000-0 0  9990
2 90406  53.2000  90.0000 0001000   0.0000 151.3636 15.11093796000019
SAT_19_11
1 90407U 26001A   26149.00000000  .00000000  00000-0  00000-0 0  9991
2 90407  53.2000  90.0000 0001000   0.0000 167.7273 15.11093796000018
SAT_19_12
1 90408U 26001A   26149.00000000  .00000000  00000-0  00000-0 0  9992
2 90408  53.2000  90.0000 0001000   0.0000 184.0909 15.11093796000017
SAT_19_13
1 90409U 26001A   26149.00000000  .00000000  00000-0  00000-0 0  9993
2 90409  53.2000  90.0000 0001000   0.0000 200.4545 15.11093796000017
SAT_19_14
1 90410U 26001A   26149.00000000  .00000000  00000-0  00000-0 0  9995
2 90410  53.2000  90.0000 0001000   0.0000 216.8182 15.11093796000017
SAT_19_15
1 90411U 26001A   26149.00000000  .00000000  00000-0  00000-0 0  9996
2 90411  53.2000  90.0000 0001000   0.0000 233.1818 15.11093796000016
SAT_19_16
1 90412U 26001A   26149.00000000  .00000000  00000-0  00000-0 0  9997
2 90412  53.2000  90.0000 0001000   0.0000 249.5455 15.11093796000015
SAT_19_17
1 90413U 26001A   26149.00000000  .00000000  00000-0  00000-0 0  9998
2 90413  53.2000  90.0000 0001000   0.0000 265.9091 15.11093796000014
SAT_19_18
1 90414U 26001A   26149.00000000  .00000000  00000-0  00000-0 0  9999
2 90414  53.2000  90.0000 0001000   0.0000 282.2727 15.11093796000013
SAT_19_19
1 90415U 26001A   26149.00000000  .00000000  00000-0  00000-0 0  9990
2 90415  53.2000  90.0000 0001000   0.0000 298.6364 15.11093796000012
SAT_19_20
1 90416U 26001A   26149.00000000  .00000000  00000-0  00000-0 0  9991
2 90416  53.2000  90.0000 0001000   0.0000 315.0000 15.11093796000014
SAT_19_21
1 90417U 26001A   26149.00000000  .00000000  00000-0  00000-0 0  9992
2 90417  53.2000  90.0000 0001000   0.0000 331.3636 15.11093796000011
SAT_19_22
1 90418U 26001A   26149.00000000  .00000000  00000-0  00000-0 0  9993
2 90418  53.2000  90.0000 0001000   0.0000 347.7273 15.11093796000010
SAT_20_01
1 90419U 26001A   26149.00000000  .00000000  00000-0  00000-0 0  9994
2 90419  53.2000  95.0000 0001000   0.0000   4.3182 15.11093796000011
SAT_20_02
1 90420U 26001A   26149.00000000  .00000000  00000-0  00000-0 0  9996
2 90420  53.2000  95.0000 0001000   0.0000  20.6818 15.11093796000010
SAT_20_03
1 90421U 26001A   26149.00000000  .00000000  00000-0  00000-0 0  9997
2 90421  53.2000  95.0000 0001000   0.0000  37.0455 15.11093796000010
SAT_20_04
1 90422U 26001A   26149.00000000  .00000000  00000-0  00000-0 0  9998
2 90422  53.2000  95.0000 0001000   0.0000  53.4091 15.11093796000019
SAT_20_05
1 90423U 26001A   26149.00000000  .00000000  00000-0  00000-0 0  9999
2 90423  53.2000  95.0000 0001000   0.0000  69.7727 15.11093796000016
SAT_20_06
1 90424U 26001A   26149.00000000  .00000000  00000-0  00000-0 0  9990
2 90424  53.2000  95.0000 0001000   0.0000  86.1364 15.11093796000017
SAT_20_07
1 90425U 26001A   26149.00000000  .00000000  00000-0  00000-0 0  9991
2 90425  53.2000  95.0000 0001000   0.0000 102.5000 15.11093796000018
SAT_20_08
1 90426U 26001A   26149.00000000  .00000000  00000-0  00000-0 0  9992
2 90426  53.2000  95.0000 0001000   0.0000 118.8636 15.11093796000014
SAT_20_09
1 90427U 26001A   26149.00000000  .00000000  00000-0  00000-0 0  9993
2 90427  53.2000  95.0000 0001000   0.0000 135.2273 15.11093796000015
SAT_20_10
1 90428U 26001A   26149.00000000  .00000000  00000-0  00000-0 0  9994
2 90428  53.2000  95.0000 0001000   0.0000 151.5909 15.11093796000013
SAT_20_11
1 90429U 26001A   26149.00000000  .00000000  00000-0  00000-0 0  9995
2 90429  53.2000  95.0000 0001000   0.0000 167.9545 15.11093796000011
SAT_20_12
1 90430U 26001A   26149.00000000  .00000000  00000-0  00000-0 0  9997
2 90430  53.2000  95.0000 0001000   0.0000 184.3182 15.11093796000013
SAT_20_13
1 90431U 26001A   26149.00000000  .00000000  00000-0  00000-0 0  9998
2 90431  53.2000  95.0000 0001000   0.0000 200.6818 15.11093796000012
SAT_20_14
1 90432U 26001A   26149.00000000  .00000000  00000-0  00000-0 0  9999
2 90432  53.2000  95.0000 0001000   0.0000 217.0455 15.11093796000012
SAT_20_15
1 90433U 26001A   26149.00000000  .00000000  00000-0  00000-0 0  9990
2 90433  53.2000  95.0000 0001000   0.0000 233.4091 15.11093796000011
SAT_20_16
1 90434U 26001A   26149.00000000  .00000000  00000-0  00000-0 0  9991
2 90434  53.2000  95.0000 0001000   0.0000 249.7727 15.11093796000018
SAT_20_17
1 90435U 26001A   26149.00000000  .00000000  00000-0  00000-0 0  9992
2 90435  53.2000  95.0000 0001000   0.0000 266.1364 15.11093796000019
SAT_20_18
1 90436U 26001A   26149.00000000  .00000000  00000-0  00000-0 0  9993
2 90436  53.2000  95.0000 0001000   0.0000 282.5000 15.11093796000019
SAT_20_19
1 90437U 26001A   26149.00000000  .00000000  00000-0  00000-0 0  9994
2 90437  53.2000  95.0000 0001000   0.0000 298.8636 15.11093796000015
SAT_20_20
1 90438U 26001A   26149.00000000  .00000000  00000-0  00000-0 0  9995
2 90438  53.2000  95.0000 0001000   0.0000 315.2273 15.11093796000017
SAT_20_21
1 90439U 26001A   26149.00000000  .00000000  00000-0  00000-0 0  9996
2 90439  53.2000  95.0000 0001000   0.0000 331.5909 15.11093796000015
SAT_20_22
1 90440U 26001A   26149.00000000  .00000000  00000-0  00000-0 0  9998
2 90440  53.2000  95.0000 0001000   0.0000 347.9545 15.11093796000014
SAT_21_01
1 90441U 26001A   26149.00000000  .00000000  00000-0  00000-0 0  9999
2 90441  53.2000 100.0000 0001000   0.0000   4.5455 15.11093796000018
SAT_21_02
1 90442U 26001A   26149.00000000  .00000000  00000-0  00000-0 0  9990
2 90442  53.2000 100.0000 0001000   0.0000  20.9091 15.11093796000017
SAT_21_03
1 90443U 26001A   26149.00000000  .00000000  00000-0  00000-0 0  9991
2 90443  53.2000 100.0000 0001000   0.0000  37.2727 15.11093796000015
SAT_21_04
1 90444U 26001A   26149.00000000  .00000000  00000-0  00000-0 0  9992
2 90444  53.2000 100.0000 0001000   0.0000  53.6364 15.11093796000015
SAT_21_05
1 90445U 26001A   26149.00000000  .00000000  00000-0  00000-0 0  9993
2 90445  53.2000 100.0000 0001000   0.0000  70.0000 15.11093796000016
SAT_21_06
1 90446U 26001A   26149.00000000  .00000000  00000-0  00000-0 0  9994
2 90446  53.2000 100.0000 0001000   0.0000  86.3636 15.11093796000012
SAT_21_07
1 90447U 26001A   26149.00000000  .00000000  00000-0  00000-0 0  9995
2 90447  53.2000 100.0000 0001000   0.0000 102.7273 15.11093796000013
SAT_21_08
1 90448U 26001A   26149.00000000  .00000000  00000-0  00000-0 0  9996
2 90448  53.2000 100.0000 0001000   0.0000 119.0909 15.11093796000011
SAT_21_09
1 90449U 26001A   26149.00000000  .00000000  00000-0  00000-0 0  9997
2 90449  53.2000 100.0000 0001000   0.0000 135.4545 15.11093796000010
SAT_21_10
1 90450U 26001A   26149.00000000  .00000000  00000-0  00000-0 0  9999
2 90450  53.2000 100.0000 0001000   0.0000 151.8182 15.11093796000011
SAT_21_11
1 90451U 26001A   26149.00000000  .00000000  00000-0  00000-0 0  9990
2 90451  53.2000 100.0000 0001000   0.0000 168.1818 15.11093796000019
SAT_21_12
1 90452U 26001A   26149.00000000  .00000000  00000-0  00000-0 0  9991
2 90452  53.2000 100.0000 0001000   0.0000 184.5455 15.11093796000019
SAT_21_13
1 90453U 26001A   26149.00000000  .00000000  00000-0  00000-0 0  9992
2 90453  53.2000 100.0000 0001000   0.0000 200.9091 15.11093796000019
SAT_21_14
1 90454U 26001A   26149.00000000  .00000000  00000-0  00000-0 0  9993
2 90454  53.2000 100.0000 0001000   0.0000 217.2727 15.11093796000017
SAT_21_15
1 90455U 26001A   26149.00000000  .00000000  00000-0  00000-0 0  9994
2 90455  53.2000 100.0000 0001000   0.0000 233.6364 15.11093796000017
SAT_21_16
1 90456U 26001A   26149.00000000  .00000000  00000-0  00000-0 0  9995
2 90456  53.2000 100.0000 0001000   0.0000 250.0000 15.11093796000018
SAT_21_17
1 90457U 26001A   26149.00000000  .00000000  00000-0  00000-0 0  9996
2 90457  53.2000 100.0000 0001000   0.0000 266.3636 15.11093796000014
SAT_21_18
1 90458U 26001A   26149.00000000  .00000000  00000-0  00000-0 0  9997
2 90458  53.2000 100.0000 0001000   0.0000 282.7273 15.11093796000014
SAT_21_19
1 90459U 26001A   26149.00000000  .00000000  00000-0  00000-0 0  9998
2 90459  53.2000 100.0000 0001000   0.0000 299.0909 15.11093796000012
SAT_21_20
1 90460U 26001A   26149.00000000  .00000000  00000-0  00000-0 0  9990
2 90460  53.2000 100.0000 0001000   0.0000 315.4545 15.11093796000013
SAT_21_21
1 90461U 26001A   26149.00000000  .00000000  00000-0  00000-0 0  9991
2 90461  53.2000 100.0000 0001000   0.0000 331.8182 15.11093796000013
SAT_21_22
1 90462U 26001A   26149.00000000  .00000000  00000-0  00000-0 0  9992
2 90462  53.2000 100.0000 0001000   0.0000 348.1818 15.11093796000011
SAT_22_01
1 90463U 26001A   26149.00000000  .00000000  00000-0  00000-0 0  9993
2 90463  53.2000 105.0000 0001000   0.0000   4.7727 15.11093796000011
SAT_22_02
1 90464U 26001A   26149.00000000  .00000000  00000-0  00000-0 0  9994
2 90464  53.2000 105.0000 0001000   0.0000  21.1364 15.11093796000012
SAT_22_03
1 90465U 26001A   26149.00000000  .00000000  00000-0  00000-0 0  9995
2 90465  53.2000 105.0000 0001000   0.0000  37.5000 15.11093796000011
SAT_22_04
1 90466U 26001A   26149.00000000  .00000000  00000-0  00000-0 0  9996
2 90466  53.2000 105.0000 0001000   0.0000  53.8636 15.11093796000018
SAT_22_05
1 90467U 26001A   26149.00000000  .00000000  00000-0  00000-0 0  9997
2 90467  53.2000 105.0000 0001000   0.0000  70.2273 15.11093796000019
SAT_22_06
1 90468U 26001A   26149.00000000  .00000000  00000-0  00000-0 0  9998
2 90468  53.2000 105.0000 0001000   0.0000  86.5909 15.11093796000016
SAT_22_07
1 90469U 26001A   26149.00000000  .00000000  00000-0  00000-0 0  9999
2 90469  53.2000 105.0000 0001000   0.0000 102.9545 15.11093796000016
SAT_22_08
1 90470U 26001A   26149.00000000  .00000000  00000-0  00000-0 0  9991
2 90470  53.2000 105.0000 0001000   0.0000 119.3182 15.11093796000017
SAT_22_09
1 90471U 26001A   26149.00000000  .00000000  00000-0  00000-0 0  9992
2 90471  53.2000 105.0000 0001000   0.0000 135.6818 15.11093796000015
SAT_22_10
1 90472U 26001A   26149.00000000  .00000000  00000-0  00000-0 0  9993
2 90472  53.2000 105.0000 0001000   0.0000 152.0455 15.11093796000016
SAT_22_11
1 90473U 26001A   26149.00000000  .00000000  00000-0  00000-0 0  9994
2 90473  53.2000 105.0000 0001000   0.0000 168.4091 15.11093796000014
SAT_22_12
1 90474U 26001A   26149.00000000  .00000000  00000-0  00000-0 0  9995
2 90474  53.2000 105.0000 0001000   0.0000 184.7727 15.11093796000012
SAT_22_13
1 90475U 26001A   26149.00000000  .00000000  00000-0  00000-0 0  9996
2 90475  53.2000 105.0000 0001000   0.0000 201.1364 15.11093796000014
SAT_22_14
1 90476U 26001A   26149.00000000  .00000000  00000-0  00000-0 0  9997
2 90476  53.2000 105.0000 0001000   0.0000 217.5000 15.11093796000013
SAT_22_15
1 90477U 26001A   26149.00000000  .00000000  00000-0  00000-0 0  9998
2 90477  53.2000 105.0000 0001000   0.0000 233.8636 15.11093796000010
SAT_22_16
1 90478U 26001A   26149.00000000  .00000000  00000-0  00000-0 0  9999
2 90478  53.2000 105.0000 0001000   0.0000 250.2273 15.11093796000011
SAT_22_17
1 90479U 26001A   26149.00000000  .00000000  00000-0  00000-0 0  9990
2 90479  53.2000 105.0000 0001000   0.0000 266.5909 15.11093796000018
SAT_22_18
1 90480U 26001A   26149.00000000  .00000000  00000-0  00000-0 0  9992
2 90480  53.2000 105.0000 0001000   0.0000 282.9545 15.11093796000018
SAT_22_19
1 90481U 26001A   26149.00000000  .00000000  00000-0  00000-0 0  9993
2 90481  53.2000 105.0000 0001000   0.0000 299.3182 15.11093796000018
SAT_22_20
1 90482U 26001A   26149.00000000  .00000000  00000-0  00000-0 0  9994
2 90482  53.2000 105.0000 0001000   0.0000 315.6818 15.11093796000017
SAT_22_21
1 90483U 26001A   26149.00000000  .00000000  00000-0  00000-0 0  9995
2 90483  53.2000 105.0000 0001000   0.0000 332.0455 15.11093796000018
SAT_22_22
1 90484U 26001A   26149.00000000  .00000000  00000-0  00000-0 0  9996
2 90484  53.2000 105.0000 0001000   0.0000 348.4091 15.11093796000016
SAT_23_01
1 90485U 26001A   26149.00000000  .00000000  00000-0  00000-0 0  9997
2 90485  53.2000 110.0000 0001000   0.0000   5.0000 15.11093796000019
SAT_23_02
1 90486U 26001A   26149.00000000  .00000000  00000-0  00000-0 0  9998
2 90486  53.2000 110.0000 0001000   0.0000  21.3636 15.11093796000016
SAT_23_03
1 90487U 26001A   26149.00000000  .00000000  00000-0  00000-0 0  9999
2 90487  53.2000 110.0000 0001000   0.0000  37.7273 15.11093796000015
SAT_23_04
1 90488U 26001A   26149.00000000  .00000000  00000-0  00000-0 0  9990
2 90488  53.2000 110.0000 0001000   0.0000  54.0909 15.11093796000014
SAT_23_05
1 90489U 26001A   26149.00000000  .00000000  00000-0  00000-0 0  9991
2 90489  53.2000 110.0000 0001000   0.0000  70.4545 15.11093796000013
SAT_23_06
1 90490U 26001A   26149.00000000  .00000000  00000-0  00000-0 0  9993
2 90490  53.2000 110.0000 0001000   0.0000  86.8182 15.11093796000013
SAT_23_07
1 90491U 26001A   26149.00000000  .00000000  00000-0  00000-0 0  9994
2 90491  53.2000 110.0000 0001000   0.0000 103.1818 15.11093796000013
SAT_23_08
1 90492U 26001A   26149.00000000  .00000000  00000-0  00000-0 0  9995
2 90492  53.2000 110.0000 0001000   0.0000 119.5455 15.11093796000012
SAT_23_09
1 90493U 26001A   26149.00000000  .00000000  00000-0  00000-0 0  9996
2 90493  53.2000 110.0000 0001000   0.0000 135.9091 15.11093796000011
SAT_23_10
1 90494U 26001A   26149.00000000  .00000000  00000-0  00000-0 0  9997
2 90494  53.2000 110.0000 0001000   0.0000 152.2727 15.11093796000010
SAT_23_11
1 90495U 26001A   26149.00000000  .00000000  00000-0  00000-0 0  9998
2 90495  53.2000 110.0000 0001000   0.0000 168.6364 15.11093796000019
SAT_23_12
1 90496U 26001A   26149.00000000  .00000000  00000-0  00000-0 0  9999
2 90496  53.2000 110.0000 0001000   0.0000 185.0000 15.11093796000010
SAT_23_13
1 90497U 26001A   26149.00000000  .00000000  00000-0  00000-0 0  9990
2 90497  53.2000 110.0000 0001000   0.0000 201.3636 15.11093796000018
SAT_23_14
1 90498U 26001A   26149.00000000  .00000000  00000-0  00000-0 0  9991
2 90498  53.2000 110.0000 0001000   0.0000 217.7273 15.11093796000017
SAT_23_15
1 90499U 26001A   26149.00000000  .00000000  00000-0  00000-0 0  9992
2 90499  53.2000 110.0000 0001000   0.0000 234.0909 15.11093796000016
SAT_23_16
1 90500U 26001A   26149.00000000  .00000000  00000-0  00000-0 0  9995
2 90500  53.2000 110.0000 0001000   0.0000 250.4545 15.11093796000017
SAT_23_17
1 90501U 26001A   26149.00000000  .00000000  00000-0  00000-0 0  9996
2 90501  53.2000 110.0000 0001000   0.0000 266.8182 15.11093796000016
SAT_23_18
1 90502U 26001A   26149.00000000  .00000000  00000-0  00000-0 0  9997
2 90502  53.2000 110.0000 0001000   0.0000 283.1818 15.11093796000015
SAT_23_19
1 90503U 26001A   26149.00000000  .00000000  00000-0  00000-0 0  9998
2 90503  53.2000 110.0000 0001000   0.0000 299.5455 15.11093796000014
SAT_23_20
1 90504U 26001A   26149.00000000  .00000000  00000-0  00000-0 0  9999
2 90504  53.2000 110.0000 0001000   0.0000 315.9091 15.11093796000014
SAT_23_21
1 90505U 26001A   26149.00000000  .00000000  00000-0  00000-0 0  9990
2 90505  53.2000 110.0000 0001000   0.0000 332.2727 15.11093796000013
SAT_23_22
1 90506U 26001A   26149.00000000  .00000000  00000-0  00000-0 0  9991
2 90506  53.2000 110.0000 0001000   0.0000 348.6364 15.11093796000012
SAT_24_01
1 90507U 26001A   26149.00000000  .00000000  00000-0  00000-0 0  9992
2 90507  53.2000 115.0000 0001000   0.0000   5.2273 15.11093796000013
SAT_24_02
1 90508U 26001A   26149.00000000  .00000000  00000-0  00000-0 0  9993
2 90508  53.2000 115.0000 0001000   0.0000  21.5909 15.11093796000011
SAT_24_03
1 90509U 26001A   26149.00000000  .00000000  00000-0  00000-0 0  9994
2 90509  53.2000 115.0000 0001000   0.0000  37.9545 15.11093796000019
SAT_24_04
1 90510U 26001A   26149.00000000  .00000000  00000-0  00000-0 0  9996
2 90510  53.2000 115.0000 0001000   0.0000  54.3182 15.11093796000011
SAT_24_05
1 90511U 26001A   26149.00000000  .00000000  00000-0  00000-0 0  9997
2 90511  53.2000 115.0000 0001000   0.0000  70.6818 15.11093796000019
SAT_24_06
1 90512U 26001A   26149.00000000  .00000000  00000-0  00000-0 0  9998
2 90512  53.2000 115.0000 0001000   0.0000  87.0455 15.11093796000019
SAT_24_07
1 90513U 26001A   26149.00000000  .00000000  00000-0  00000-0 0  9999
2 90513  53.2000 115.0000 0001000   0.0000 103.4091 15.11093796000019
SAT_24_08
1 90514U 26001A   26149.00000000  .00000000  00000-0  00000-0 0  9990
2 90514  53.2000 115.0000 0001000   0.0000 119.7727 15.11093796000016
SAT_24_09
1 90515U 26001A   26149.00000000  .00000000  00000-0  00000-0 0  9991
2 90515  53.2000 115.0000 0001000   0.0000 136.1364 15.11093796000017
SAT_24_10
1 90516U 26001A   26149.00000000  .00000000  00000-0  00000-0 0  9992
2 90516  53.2000 115.0000 0001000   0.0000 152.5000 15.11093796000017
SAT_24_11
1 90517U 26001A   26149.00000000  .00000000  00000-0  00000-0 0  9993
2 90517  53.2000 115.0000 0001000   0.0000 168.8636 15.11093796000013
SAT_24_12
1 90518U 26001A   26149.00000000  .00000000  00000-0  00000-0 0  9994
2 90518  53.2000 115.0000 0001000   0.0000 185.2273 15.11093796000014
SAT_24_13
1 90519U 26001A   26149.00000000  .00000000  00000-0  00000-0 0  9995
2 90519  53.2000 115.0000 0001000   0.0000 201.5909 15.11093796000013
SAT_24_14
1 90520U 26001A   26149.00000000  .00000000  00000-0  00000-0 0  9997
2 90520  53.2000 115.0000 0001000   0.0000 217.9545 15.11093796000012
SAT_24_15
1 90521U 26001A   26149.00000000  .00000000  00000-0  00000-0 0  9998
2 90521  53.2000 115.0000 0001000   0.0000 234.3182 15.11093796000013
SAT_24_16
1 90522U 26001A   26149.00000000  .00000000  00000-0  00000-0 0  9999
2 90522  53.2000 115.0000 0001000   0.0000 250.6818 15.11093796000011
SAT_24_17
1 90523U 26001A   26149.00000000  .00000000  00000-0  00000-0 0  9990
2 90523  53.2000 115.0000 0001000   0.0000 267.0455 15.11093796000011
SAT_24_18
1 90524U 26001A   26149.00000000  .00000000  00000-0  00000-0 0  9991
2 90524  53.2000 115.0000 0001000   0.0000 283.4091 15.11093796000010
SAT_24_19
1 90525U 26001A   26149.00000000  .00000000  00000-0  00000-0 0  9992
2 90525  53.2000 115.0000 0001000   0.0000 299.7727 15.11093796000017
SAT_24_20
1 90526U 26001A   26149.00000000  .00000000  00000-0  00000-0 0  9993
2 90526  53.2000 115.0000 0001000   0.0000 316.1364 15.11093796000019
SAT_24_21
1 90527U 26001A   26149.00000000  .00000000  00000-0  00000-0 0  9994
2 90527  53.2000 115.0000 0001000   0.0000 332.5000 15.11093796000019
SAT_24_22
1 90528U 26001A   26149.00000000  .00000000  00000-0  00000-0 0  9995
2 90528  53.2000 115.0000 0001000   0.0000 348.8636 15.11093796000015
SAT_25_01
1 90529U 26001A   26149.00000000  .00000000  00000-0  00000-0 0  9996
2 90529  53.2000 120.0000 0001000   0.0000   5.4545 15.11093796000017
SAT_25_02
1 90530U 26001A   26149.00000000  .00000000  00000-0  00000-0 0  9998
2 90530  53.2000 120.0000 0001000   0.0000  21.8182 15.11093796000018
SAT_25_03
1 90531U 26001A   26149.00000000  .00000000  00000-0  00000-0 0  9999
2 90531  53.2000 120.0000 0001000   0.0000  38.1818 15.11093796000016
SAT_25_04
1 90532U 26001A   26149.00000000  .00000000  00000-0  00000-0 0  9990
2 90532  53.2000 120.0000 0001000   0.0000  54.5455 15.11093796000016
SAT_25_05
1 90533U 26001A   26149.00000000  .00000000  00000-0  00000-0 0  9991
2 90533  53.2000 120.0000 0001000   0.0000  70.9091 15.11093796000015
SAT_25_06
1 90534U 26001A   26149.00000000  .00000000  00000-0  00000-0 0  9992
2 90534  53.2000 120.0000 0001000   0.0000  87.2727 15.11093796000013
SAT_25_07
1 90535U 26001A   26149.00000000  .00000000  00000-0  00000-0 0  9993
2 90535  53.2000 120.0000 0001000   0.0000 103.6364 15.11093796000014
SAT_25_08
1 90536U 26001A   26149.00000000  .00000000  00000-0  00000-0 0  9994
2 90536  53.2000 120.0000 0001000   0.0000 120.0000 15.11093796000015
SAT_25_09
1 90537U 26001A   26149.00000000  .00000000  00000-0  00000-0 0  9995
2 90537  53.2000 120.0000 0001000   0.0000 136.3636 15.11093796000011
SAT_25_10
1 90538U 26001A   26149.00000000  .00000000  00000-0  00000-0 0  9996
2 90538  53.2000 120.0000 0001000   0.0000 152.7273 15.11093796000011
SAT_25_11
1 90539U 26001A   26149.00000000  .00000000  00000-0  00000-0 0  9997
2 90539  53.2000 120.0000 0001000   0.0000 169.0909 15.11093796000019
SAT_25_12
1 90540U 26001A   26149.00000000  .00000000  00000-0  00000-0 0  9999
2 90540  53.2000 120.0000 0001000   0.0000 185.4545 15.11093796000019
SAT_25_13
1 90541U 26001A   26149.00000000  .00000000  00000-0  00000-0 0  9990
2 90541  53.2000 120.0000 0001000   0.0000 201.8182 15.11093796000010
SAT_25_14
1 90542U 26001A   26149.00000000  .00000000  00000-0  00000-0 0  9991
2 90542  53.2000 120.0000 0001000   0.0000 218.1818 15.11093796000018
SAT_25_15
1 90543U 26001A   26149.00000000  .00000000  00000-0  00000-0 0  9992
2 90543  53.2000 120.0000 0001000   0.0000 234.5455 15.11093796000018
SAT_25_16
1 90544U 26001A   26149.00000000  .00000000  00000-0  00000-0 0  9993
2 90544  53.2000 120.0000 0001000   0.0000 250.9091 15.11093796000017
SAT_25_17
1 90545U 26001A   26149.00000000  .00000000  00000-0  00000-0 0  9994
2 90545  53.2000 120.0000 0001000   0.0000 267.2727 15.11093796000015
SAT_25_18
1 90546U 26001A   26149.00000000  .00000000  00000-0  00000-0 0  9995
2 90546  53.2000 120.0000 0001000   0.0000 283.6364 15.11093796000015
SAT_25_19
1 90547U 26001A   26149.00000000  .00000000  00000-0  00000-0 0  9996
2 90547  53.2000 120.0000 0001000   0.0000 300.0000 15.11093796000017
SAT_25_20
1 90548U 26001A   26149.00000000  .00000000  00000-0  00000-0 0  9997
2 90548  53.2000 120.0000 0001000   0.0000 316.3636 15.11093796000013
SAT_25_21
1 90549U 26001A   26149.00000000  .00000000  00000-0  00000-0 0  9998
2 90549  53.2000 120.0000 0001000   0.0000 332.7273 15.11093796000013
SAT_25_22
1 90550U 26001A   26149.00000000  .00000000  00000-0  00000-0 0  9990
2 90550  53.2000 120.0000 0001000   0.0000 349.0909 15.11093796000012
SAT_26_01
1 90551U 26001A   26149.00000000  .00000000  00000-0  00000-0 0  9991
2 90551  53.2000 125.0000 0001000   0.0000   5.6818 15.11093796000012
SAT_26_02
1 90552U 26001A   26149.00000000  .00000000  00000-0  00000-0 0  9992
2 90552  53.2000 125.0000 0001000   0.0000  22.0455 15.11093796000013
SAT_26_03
1 90553U 26001A   26149.00000000  .00000000  00000-0  00000-0 0  9993
2 90553  53.2000 125.0000 0001000   0.0000  38.4091 15.11093796000011
SAT_26_04
1 90554U 26001A   26149.00000000  .00000000  00000-0  00000-0 0  9994
2 90554  53.2000 125.0000 0001000   0.0000  54.7727 15.11093796000019
SAT_26_05
1 90555U 26001A   26149.00000000  .00000000  00000-0  00000-0 0  9995
2 90555  53.2000 125.0000 0001000   0.0000  71.1364 15.11093796000010
SAT_26_06
1 90556U 26001A   26149.00000000  .00000000  00000-0  00000-0 0  9996
2 90556  53.2000 125.0000 0001000   0.0000  87.5000 15.11093796000019
SAT_26_07
1 90557U 26001A   26149.00000000  .00000000  00000-0  00000-0 0  9997
2 90557  53.2000 125.0000 0001000   0.0000 103.8636 15.11093796000017
SAT_26_08
1 90558U 26001A   26149.00000000  .00000000  00000-0  00000-0 0  9998
2 90558  53.2000 125.0000 0001000   0.0000 120.2273 15.11093796000018
SAT_26_09
1 90559U 26001A   26149.00000000  .00000000  00000-0  00000-0 0  9999
2 90559  53.2000 125.0000 0001000   0.0000 136.5909 15.11093796000015
SAT_26_10
1 90560U 26001A   26149.00000000  .00000000  00000-0  00000-0 0  9991
2 90560  53.2000 125.0000 0001000   0.0000 152.9545 15.11093796000015
SAT_26_11
1 90561U 26001A   26149.00000000  .00000000  00000-0  00000-0 0  9992
2 90561  53.2000 125.0000 0001000   0.0000 169.3182 15.11093796000015
SAT_26_12
1 90562U 26001A   26149.00000000  .00000000  00000-0  00000-0 0  9993
2 90562  53.2000 125.0000 0001000   0.0000 185.6818 15.11093796000013
SAT_26_13
1 90563U 26001A   26149.00000000  .00000000  00000-0  00000-0 0  9994
2 90563  53.2000 125.0000 0001000   0.0000 202.0455 15.11093796000015
SAT_26_14
1 90564U 26001A   26149.00000000  .00000000  00000-0  00000-0 0  9995
2 90564  53.2000 125.0000 0001000   0.0000 218.4091 15.11093796000013
SAT_26_15
1 90565U 26001A   26149.00000000  .00000000  00000-0  00000-0 0  9996
2 90565  53.2000 125.0000 0001000   0.0000 234.7727 15.11093796000011
SAT_26_16
1 90566U 26001A   26149.00000000  .00000000  00000-0  00000-0 0  9997
2 90566  53.2000 125.0000 0001000   0.0000 251.1364 15.11093796000012
SAT_26_17
1 90567U 26001A   26149.00000000  .00000000  00000-0  00000-0 0  9998
2 90567  53.2000 125.0000 0001000   0.0000 267.5000 15.11093796000011
SAT_26_18
1 90568U 26001A   26149.00000000  .00000000  00000-0  00000-0 0  9999
2 90568  53.2000 125.0000 0001000   0.0000 283.8636 15.11093796000018
SAT_26_19
1 90569U 26001A   26149.00000000  .00000000  00000-0  00000-0 0  9990
2 90569  53.2000 125.0000 0001000   0.0000 300.2273 15.11093796000010
SAT_26_20
1 90570U 26001A   26149.00000000  .00000000  00000-0  00000-0 0  9992
2 90570  53.2000 125.0000 0001000   0.0000 316.5909 15.11093796000018
SAT_26_21
1 90571U 26001A   26149.00000000  .00000000  00000-0  00000-0 0  9993
2 90571  53.2000 125.0000 0001000   0.0000 332.9545 15.11093796000017
SAT_26_22
1 90572U 26001A   26149.00000000  .00000000  00000-0  00000-0 0  9994
2 90572  53.2000 125.0000 0001000   0.0000 349.3182 15.11093796000017
SAT_27_01
1 90573U 26001A   26149.00000000  .00000000  00000-0  00000-0 0  9995
2 90573  53.2000 130.0000 0001000   0.0000   5.9091 15.11093796000018
SAT_27_02
1 90574U 26001A   26149.00000000  .00000000  00000-0  00000-0 0  9996
2 90574  53.2000 130.0000 0001000   0.0000  22.2727 15.11093796000017
SAT_27_03
1 90575U 26001A   26149.00000000  .00000000  00000-0  00000-0 0  9997
2 90575  53.2000 130.0000 0001000   0.0000  38.6364 15.11093796000016
SAT_27_04
1 90576U 26001A   26149.00000000  .00000000  00000-0  00000-0 0  9998
2 90576  53.2000 130.0000 0001000   0.0000  55.0000 15.11093796000017
SAT_27_05
1 90577U 26001A   26149.00000000  .00000000  00000-0  00000-0 0  9999
2 90577  53.2000 130.0000 0001000   0.0000  71.3636 15.11093796000014
SAT_27_06
1 90578U 26001A   26149.00000000  .00000000  00000-0  00000-0 0  9990
2 90578  53.2000 130.0000 0001000   0.0000  87.7273 15.11093796000013
SAT_27_07
1 90579U 26001A   26149.00000000  .00000000  00000-0  00000-0 0  9991
2 90579  53.2000 130.0000 0001000   0.0000 104.0909 15.11093796000013
SAT_27_08
1 90580U 26001A   26149.00000000  .00000000  00000-0  00000-0 0  9993
2 90580  53.2000 130.0000 0001000   0.0000 120.4545 15.11093796000013
SAT_27_09
1 90581U 26001A   26149.00000000  .00000000  00000-0  00000-0 0  9994
2 90581  53.2000 130.0000 0001000   0.0000 136.8182 15.11093796000012
SAT_27_10
1 90582U 26001A   26149.00000000  .00000000  00000-0  00000-0 0  9995
2 90582  53.2000 130.0000 0001000   0.0000 153.1818 15.11093796000011
SAT_27_11
1 90583U 26001A   26149.00000000  .00000000  00000-0  00000-0 0  9996
2 90583  53.2000 130.0000 0001000   0.0000 169.5455 15.11093796000010
SAT_27_12
1 90584U 26001A   26149.00000000  .00000000  00000-0  00000-0 0  9997
2 90584  53.2000 130.0000 0001000   0.0000 185.9091 15.11093796000019
SAT_27_13
1 90585U 26001A   26149.00000000  .00000000  00000-0  00000-0 0  9998
2 90585  53.2000 130.0000 0001000   0.0000 202.2727 15.11093796000019
SAT_27_14
1 90586U 26001A   26149.00000000  .00000000  00000-0  00000-0 0  9999
2 90586  53.2000 130.0000 0001000   0.0000 218.6364 15.11093796000018
SAT_27_15
1 90587U 26001A   26149.00000000  .00000000  00000-0  00000-0 0  9990
2 90587  53.2000 130.0000 0001000   0.0000 235.0000 15.11093796000019
SAT_27_16
1 90588U 26001A   26149.00000000  .00000000  00000-0  00000-0 0  9991
2 90588  53.2000 130.0000 0001000   0.0000 251.3636 15.11093796000016
SAT_27_17
1 90589U 26001A   26149.00000000  .00000000  00000-0  00000-0 0  9992
2 90589  53.2000 130.0000 0001000   0.0000 267.7273 15.11093796000015
SAT_27_18
1 90590U 26001A   26149.00000000  .00000000  00000-0  00000-0 0  9994
2 90590  53.2000 130.0000 0001000   0.0000 284.0909 15.11093796000015
SAT_27_19
1 90591U 26001A   26149.00000000  .00000000  00000-0  00000-0 0  9995
2 90591  53.2000 130.0000 0001000   0.0000 300.4545 15.11093796000015
SAT_27_20
1 90592U 26001A   26149.00000000  .00000000  00000-0  00000-0 0  9996
2 90592  53.2000 130.0000 0001000   0.0000 316.8182 15.11093796000014
SAT_27_21
1 90593U 26001A   26149.00000000  .00000000  00000-0  00000-0 0  9997
2 90593  53.2000 130.0000 0001000   0.0000 333.1818 15.11093796000013
SAT_27_22
1 90594U 26001A   26149.00000000  .00000000  00000-0  00000-0 0  9998
2 90594  53.2000 130.0000 0001000   0.0000 349.5455 15.11093796000012
SAT_28_01
1 90595U 26001A   26149.00000000  .00000000  00000-0  00000-0 0  9999
2 90595  53.2000 135.0000 0001000   0.0000   6.1364 15.11093796000013
SAT_28_02
1 90596U 26001A   26149.00000000  .00000000  00000-0  00000-0 0  9990
2 90596  53.2000 135.0000 0001000   0.0000  22.5000 15.11093796000013
SAT_28_03
1 90597U 26001A   26149.00000000  .00000000  00000-0  00000-0 0  9991
2 90597  53.2000 135.0000 0001000   0.0000  38.8636 15.11093796000019
SAT_28_04
1 90598U 26001A   26149.00000000  .00000000  00000-0  00000-0 0  9992
2 90598  53.2000 135.0000 0001000   0.0000  55.2273 15.11093796000010
SAT_28_05
1 90599U 26001A   26149.00000000  .00000000  00000-0  00000-0 0  9993
2 90599  53.2000 135.0000 0001000   0.0000  71.5909 15.11093796000018
SAT_28_06
1 90600U 26001A   26149.00000000  .00000000  00000-0  00000-0 0  9996
2 90600  53.2000 135.0000 0001000   0.0000  87.9545 15.11093796000018
SAT_28_07
1 90601U 26001A   26149.00000000  .00000000  00000-0  00000-0 0  9997
2 90601  53.2000 135.0000 0001000   0.0000 104.3182 15.11093796000010
SAT_28_08
1 90602U 26001A   26149.00000000  .00000000  00000-0  00000-0 0  9998
2 90602  53.2000 135.0000 0001000   0.0000 120.6818 15.11093796000018
SAT_28_09
1 90603U 26001A   26149.00000000  .00000000  00000-0  00000-0 0  9999
2 90603  53.2000 135.0000 0001000   0.0000 137.0455 15.11093796000018
SAT_28_10
1 90604U 26001A   26149.00000000  .00000000  00000-0  00000-0 0  9990
2 90604  53.2000 135.0000 0001000   0.0000 153.4091 15.11093796000017
SAT_28_11
1 90605U 26001A   26149.00000000  .00000000  00000-0  00000-0 0  9991
2 90605  53.2000 135.0000 0001000   0.0000 169.7727 15.11093796000014
SAT_28_12
1 90606U 26001A   26149.00000000  .00000000  00000-0  00000-0 0  9992
2 90606  53.2000 135.0000 0001000   0.0000 186.1364 15.11093796000015
SAT_28_13
1 90607U 26001A   26149.00000000  .00000000  00000-0  00000-0 0  9993
2 90607  53.2000 135.0000 0001000   0.0000 202.5000 15.11093796000016
SAT_28_14
1 90608U 26001A   26149.00000000  .00000000  00000-0  00000-0 0  9994
2 90608  53.2000 135.0000 0001000   0.0000 218.8636 15.11093796000012
SAT_28_15
1 90609U 26001A   26149.00000000  .00000000  00000-0  00000-0 0  9995
2 90609  53.2000 135.0000 0001000   0.0000 235.2273 15.11093796000013
SAT_28_16
1 90610U 26001A   26149.00000000  .00000000  00000-0  00000-0 0  9997
2 90610  53.2000 135.0000 0001000   0.0000 251.5909 15.11093796000012
SAT_28_17
1 90611U 26001A   26149.00000000  .00000000  00000-0  00000-0 0  9998
2 90611  53.2000 135.0000 0001000   0.0000 267.9545 15.11093796000010
SAT_28_18
1 90612U 26001A   26149.00000000  .00000000  00000-0  00000-0 0  9999
2 90612  53.2000 135.0000 0001000   0.0000 284.3182 15.11093796000011
SAT_28_19
1 90613U 26001A   26149.00000000  .00000000  00000-0  00000-0 0  9990
2 90613  53.2000 135.0000 0001000   0.0000 300.6818 15.11093796000010
SAT_28_20
1 90614U 26001A   26149.00000000  .00000000  00000-0  00000-0 0  9991
2 90614  53.2000 135.0000 0001000   0.0000 317.0455 15.11093796000010
SAT_28_21
1 90615U 26001A   26149.00000000  .00000000  00000-0  00000-0 0  9992
2 90615  53.2000 135.0000 0001000   0.0000 333.4091 15.11093796000019
SAT_28_22
1 90616U 26001A   26149.00000000  .00000000  00000-0  00000-0 0  9993
2 90616  53.2000 135.0000 0001000   0.0000 349.7727 15.11093796000016
SAT_29_01
1 90617U 26001A   26149.00000000  .00000000  00000-0  00000-0 0  9994
2 90617  53.2000 140.0000 0001000   0.0000   6.3636 15.11093796000018
SAT_29_02
1 90618U 26001A   26149.00000000  .00000000  00000-0  00000-0 0  9995
2 90618  53.2000 140.0000 0001000   0.0000  22.7273 15.11093796000018
SAT_29_03
1 90619U 26001A   26149.00000000  .00000000  00000-0  00000-0 0  9996
2 90619  53.2000 140.0000 0001000   0.0000  39.0909 15.11093796000016
SAT_29_04
1 90620U 26001A   26149.00000000  .00000000  00000-0  00000-0 0  9998
2 90620  53.2000 140.0000 0001000   0.0000  55.4545 15.11093796000016
SAT_29_05
1 90621U 26001A   26149.00000000  .00000000  00000-0  00000-0 0  9999
2 90621  53.2000 140.0000 0001000   0.0000  71.8182 15.11093796000016
SAT_29_06
1 90622U 26001A   26149.00000000  .00000000  00000-0  00000-0 0  9990
2 90622  53.2000 140.0000 0001000   0.0000  88.1818 15.11093796000014
SAT_29_07
1 90623U 26001A   26149.00000000  .00000000  00000-0  00000-0 0  9991
2 90623  53.2000 140.0000 0001000   0.0000 104.5455 15.11093796000015
SAT_29_08
1 90624U 26001A   26149.00000000  .00000000  00000-0  00000-0 0  9992
2 90624  53.2000 140.0000 0001000   0.0000 120.9091 15.11093796000014
SAT_29_09
1 90625U 26001A   26149.00000000  .00000000  00000-0  00000-0 0  9993
2 90625  53.2000 140.0000 0001000   0.0000 137.2727 15.11093796000012
SAT_29_10
1 90626U 26001A   26149.00000000  .00000000  00000-0  00000-0 0  9994
2 90626  53.2000 140.0000 0001000   0.0000 153.6364 15.11093796000012
SAT_29_11
1 90627U 26001A   26149.00000000  .00000000  00000-0  00000-0 0  9995
2 90627  53.2000 140.0000 0001000   0.0000 170.0000 15.11093796000013
SAT_29_12
1 90628U 26001A   26149.00000000  .00000000  00000-0  00000-0 0  9996
2 90628  53.2000 140.0000 0001000   0.0000 186.3636 15.11093796000019
SAT_29_13
1 90629U 26001A   26149.00000000  .00000000  00000-0  00000-0 0  9997
2 90629  53.2000 140.0000 0001000   0.0000 202.7273 15.11093796000010
SAT_29_14
1 90630U 26001A   26149.00000000  .00000000  00000-0  00000-0 0  9999
2 90630  53.2000 140.0000 0001000   0.0000 219.0909 15.11093796000019
SAT_29_15
1 90631U 26001A   26149.00000000  .00000000  00000-0  00000-0 0  9990
2 90631  53.2000 140.0000 0001000   0.0000 235.4545 15.11093796000018
SAT_29_16
1 90632U 26001A   26149.00000000  .00000000  00000-0  00000-0 0  9991
2 90632  53.2000 140.0000 0001000   0.0000 251.8182 15.11093796000018
SAT_29_17
1 90633U 26001A   26149.00000000  .00000000  00000-0  00000-0 0  9992
2 90633  53.2000 140.0000 0001000   0.0000 268.1818 15.11093796000016
SAT_29_18
1 90634U 26001A   26149.00000000  .00000000  00000-0  00000-0 0  9993
2 90634  53.2000 140.0000 0001000   0.0000 284.5455 15.11093796000016
SAT_29_19
1 90635U 26001A   26149.00000000  .00000000  00000-0  00000-0 0  9994
2 90635  53.2000 140.0000 0001000   0.0000 300.9091 15.11093796000016
SAT_29_20
1 90636U 26001A   26149.00000000  .00000000  00000-0  00000-0 0  9995
2 90636  53.2000 140.0000 0001000   0.0000 317.2727 15.11093796000014
SAT_29_21
1 90637U 26001A   26149.00000000  .00000000  00000-0  00000-0 0  9996
2 90637  53.2000 140.0000 0001000   0.0000 333.6364 15.11093796000014
SAT_29_22
1 90638U 26001A   26149.00000000  .00000000  00000-0  00000-0 0  9997
2 90638  53.2000 140.0000 0001000   0.0000 350.0000 15.11093796000015
SAT_30_01
1 90639U 26001A   26149.00000000  .00000000  00000-0  00000-0 0  9998
2 90639  53.2000 145.0000 0001000   0.0000   6.5909 15.11093796000012
SAT_30_02
1 90640U 26001A   26149.00000000  .00000000  00000-0  00000-0 0  9990
2 90640  53.2000 145.0000 0001000   0.0000  22.9545 15.11093796000012
SAT_30_03
1 90641U 26001A   26149.00000000  .00000000  00000-0  00000-0 0  9991
2 90641  53.2000 145.0000 0001000   0.0000  39.3182 15.11093796000012
SAT_30_04
1 90642U 26001A   26149.00000000  .00000000  00000-0  00000-0 0  9992
2 90642  53.2000 145.0000 0001000   0.0000  55.6818 15.11093796000010
SAT_30_05
1 90643U 26001A   26149.00000000  .00000000  00000-0  00000-0 0  9993
2 90643  53.2000 145.0000 0001000   0.0000  72.0455 15.11093796000011
SAT_30_06
1 90644U 26001A   26149.00000000  .00000000  00000-0  00000-0 0  9994
2 90644  53.2000 145.0000 0001000   0.0000  88.4091 15.11093796000019
SAT_30_07
1 90645U 26001A   26149.00000000  .00000000  00000-0  00000-0 0  9995
2 90645  53.2000 145.0000 0001000   0.0000 104.7727 15.11093796000018
SAT_30_08
1 90646U 26001A   26149.00000000  .00000000  00000-0  00000-0 0  9996
2 90646  53.2000 145.0000 0001000   0.0000 121.1364 15.11093796000019
SAT_30_09
1 90647U 26001A   26149.00000000  .00000000  00000-0  00000-0 0  9997
2 90647  53.2000 145.0000 0001000   0.0000 137.5000 15.11093796000018
SAT_30_10
1 90648U 26001A   26149.00000000  .00000000  00000-0  00000-0 0  9998
2 90648  53.2000 145.0000 0001000   0.0000 153.8636 15.11093796000015
SAT_30_11
1 90649U 26001A   26149.00000000  .00000000  00000-0  00000-0 0  9999
2 90649  53.2000 145.0000 0001000   0.0000 170.2273 15.11093796000016
SAT_30_12
1 90650U 26001A   26149.00000000  .00000000  00000-0  00000-0 0  9991
2 90650  53.2000 145.0000 0001000   0.0000 186.5909 15.11093796000014
SAT_30_13
1 90651U 26001A   26149.00000000  .00000000  00000-0  00000-0 0  9992
2 90651  53.2000 145.0000 0001000   0.0000 202.9545 15.11093796000014
SAT_30_14
1 90652U 26001A   26149.00000000  .00000000  00000-0  00000-0 0  9993
2 90652  53.2000 145.0000 0001000   0.0000 219.3182 15.11093796000014
SAT_30_15
1 90653U 26001A   26149.00000000  .00000000  00000-0  00000-0 0  9994
2 90653  53.2000 145.0000 0001000   0.0000 235.6818 15.11093796000012
SAT_30_16
1 90654U 26001A   26149.00000000  .00000000  00000-0  00000-0 0  9995
2 90654  53.2000 145.0000 0001000   0.0000 252.0455 15.11093796000013
SAT_30_17
1 90655U 26001A   26149.00000000  .00000000  00000-0  00000-0 0  9996
2 90655  53.2000 145.0000 0001000   0.0000 268.4091 15.11093796000011
SAT_30_18
1 90656U 26001A   26149.00000000  .00000000  00000-0  00000-0 0  9997
2 90656  53.2000 145.0000 0001000   0.0000 284.7727 15.11093796000019
SAT_30_19
1 90657U 26001A   26149.00000000  .00000000  00000-0  00000-0 0  9998
2 90657  53.2000 145.0000 0001000   0.0000 301.1364 15.11093796000011
SAT_30_20
1 90658U 26001A   26149.00000000  .00000000  00000-0  00000-0 0  9999
2 90658  53.2000 145.0000 0001000   0.0000 317.5000 15.11093796000010
SAT_30_21
1 90659U 26001A   26149.00000000  .00000000  00000-0  00000-0 0  9990
2 90659  53.2000 145.0000 0001000   0.0000 333.8636 15.11093796000017
SAT_30_22
1 90660U 26001A   26149.00000000  .00000000  00000-0  00000-0 0  9992
2 90660  53.2000 145.0000 0001000   0.0000 350.2273 15.11093796000019
SAT_31_01
1 90661U 26001A   26149.00000000  .00000000  00000-0  00000-0 0  9993
2 90661  53.2000 150.0000 0001000   0.0000   6.8182 15.11093796000019
SAT_31_02
1 90662U 26001A   26149.00000000  .00000000  00000-0  00000-0 0  9994
2 90662  53.2000 150.0000 0001000   0.0000  23.1818 15.11093796000018
SAT_31_03
1 90663U 26001A   26149.00000000  .00000000  00000-0  00000-0 0  9995
2 90663  53.2000 150.0000 0001000   0.0000  39.5455 15.11093796000017
SAT_31_04
1 90664U 26001A   26149.00000000  .00000000  00000-0  00000-0 0  9996
2 90664  53.2000 150.0000 0001000   0.0000  55.9091 15.11093796000016
SAT_31_05
1 90665U 26001A   26149.00000000  .00000000  00000-0  00000-0 0  9997
2 90665  53.2000 150.0000 0001000   0.0000  72.2727 15.11093796000015
SAT_31_06
1 90666U 26001A   26149.00000000  .00000000  00000-0  00000-0 0  9998
2 90666  53.2000 150.0000 0001000   0.0000  88.6364 15.11093796000014
SAT_31_07
1 90667U 26001A   26149.00000000  .00000000  00000-0  00000-0 0  9999
2 90667  53.2000 150.0000 0001000   0.0000 105.0000 15.11093796000016
SAT_31_08
1 90668U 26001A   26149.00000000  .00000000  00000-0  00000-0 0  9990
2 90668  53.2000 150.0000 0001000   0.0000 121.3636 15.11093796000013
SAT_31_09
1 90669U 26001A   26149.00000000  .00000000  00000-0  00000-0 0  9991
2 90669  53.2000 150.0000 0001000   0.0000 137.7273 15.11093796000012
SAT_31_10
1 90670U 26001A   26149.00000000  .00000000  00000-0  00000-0 0  9993
2 90670  53.2000 150.0000 0001000   0.0000 154.0909 15.11093796000012
SAT_31_11
1 90671U 26001A   26149.00000000  .00000000  00000-0  00000-0 0  9994
2 90671  53.2000 150.0000 0001000   0.0000 170.4545 15.11093796000011
SAT_31_12
1 90672U 26001A   26149.00000000  .00000000  00000-0  00000-0 0  9995
2 90672  53.2000 150.0000 0001000   0.0000 186.8182 15.11093796000010
SAT_31_13
1 90673U 26001A   26149.00000000  .00000000  00000-0  00000-0 0  9996
2 90673  53.2000 150.0000 0001000   0.0000 203.1818 15.11093796000010
SAT_31_14
1 90674U 26001A   26149.00000000  .00000000  00000-0  00000-0 0  9997
2 90674  53.2000 150.0000 0001000   0.0000 219.5455 15.11093796000019
SAT_31_15
1 90675U 26001A   26149.00000000  .00000000  00000-0  00000-0 0  9998
2 90675  53.2000 150.0000 0001000   0.0000 235.9091 15.11093796000018
SAT_31_16
1 90676U 26001A   26149.00000000  .00000000  00000-0  00000-0 0  9999
2 90676  53.2000 150.0000 0001000   0.0000 252.2727 15.11093796000017
SAT_31_17
1 90677U 26001A   26149.00000000  .00000000  00000-0  00000-0 0  9990
2 90677  53.2000 150.0000 0001000   0.0000 268.6364 15.11093796000016
SAT_31_18
1 90678U 26001A   26149.00000000  .00000000  00000-0  00000-0 0  9991
2 90678  53.2000 150.0000 0001000   0.0000 285.0000 15.11093796000017
SAT_31_19
1 90679U 26001A   26149.00000000  .00000000  00000-0  00000-0 0  9992
2 90679  53.2000 150.0000 0001000   0.0000 301.3636 15.11093796000015
SAT_31_20
1 90680U 26001A   26149.00000000  .00000000  00000-0  00000-0 0  9994
2 90680  53.2000 150.0000 0001000   0.0000 317.7273 15.11093796000015
SAT_31_21
1 90681U 26001A   26149.00000000  .00000000  00000-0  00000-0 0  9995
2 90681  53.2000 150.0000 0001000   0.0000 334.0909 15.11093796000014
SAT_31_22
1 90682U 26001A   26149.00000000  .00000000  00000-0  00000-0 0  9996
2 90682  53.2000 150.0000 0001000   0.0000 350.4545 15.11093796000013
SAT_32_01
1 90683U 26001A   26149.00000000  .00000000  00000-0  00000-0 0  9997
2 90683  53.2000 155.0000 0001000   0.0000   7.0455 15.11093796000014
SAT_32_02
1 90684U 26001A   26149.00000000  .00000000  00000-0  00000-0 0  9998
2 90684  53.2000 155.0000 0001000   0.0000  23.4091 15.11093796000013
SAT_32_03
1 90685U 26001A   26149.00000000  .00000000  00000-0  00000-0 0  9999
2 90685  53.2000 155.0000 0001000   0.0000  39.7727 15.11093796000010
SAT_32_04
1 90686U 26001A   26149.00000000  .00000000  00000-0  00000-0 0  9990
2 90686  53.2000 155.0000 0001000   0.0000  56.1364 15.11093796000011
SAT_32_05
1 90687U 26001A   26149.00000000  .00000000  00000-0  00000-0 0  9991
2 90687  53.2000 155.0000 0001000   0.0000  72.5000 15.11093796000011
SAT_32_06
1 90688U 26001A   26149.00000000  .00000000  00000-0  00000-0 0  9992
2 90688  53.2000 155.0000 0001000   0.0000  88.8636 15.11093796000017
SAT_32_07
1 90689U 26001A   26149.00000000  .00000000  00000-0  00000-0 0  9993
2 90689  53.2000 155.0000 0001000   0.0000 105.2273 15.11093796000019
SAT_32_08
1 90690U 26001A   26149.00000000  .00000000  00000-0  00000-0 0  9995
2 90690  53.2000 155.0000 0001000   0.0000 121.5909 15.11093796000018
SAT_32_09
1 90691U 26001A   26149.00000000  .00000000  00000-0  00000-0 0  9996
2 90691  53.2000 155.0000 0001000   0.0000 137.9545 15.11093796000016
SAT_32_10
1 90692U 26001A   26149.00000000  .00000000  00000-0  00000-0 0  9997
2 90692  53.2000 155.0000 0001000   0.0000 154.3182 15.11093796000017
SAT_32_11
1 90693U 26001A   26149.00000000  .00000000  00000-0  00000-0 0  9998
2 90693  53.2000 155.0000 0001000   0.0000 170.6818 15.11093796000015
SAT_32_12
1 90694U 26001A   26149.00000000  .00000000  00000-0  00000-0 0  9999
2 90694  53.2000 155.0000 0001000   0.0000 187.0455 15.11093796000015
SAT_32_13
1 90695U 26001A   26149.00000000  .00000000  00000-0  00000-0 0  9990
2 90695  53.2000 155.0000 0001000   0.0000 203.4091 15.11093796000015
SAT_32_14
1 90696U 26001A   26149.00000000  .00000000  00000-0  00000-0 0  9991
2 90696  53.2000 155.0000 0001000   0.0000 219.7727 15.11093796000012
SAT_32_15
1 90697U 26001A   26149.00000000  .00000000  00000-0  00000-0 0  9992
2 90697  53.2000 155.0000 0001000   0.0000 236.1364 15.11093796000013
SAT_32_16
1 90698U 26001A   26149.00000000  .00000000  00000-0  00000-0 0  9993
2 90698  53.2000 155.0000 0001000   0.0000 252.5000 15.11093796000013
SAT_32_17
1 90699U 26001A   26149.00000000  .00000000  00000-0  00000-0 0  9994
2 90699  53.2000 155.0000 0001000   0.0000 268.8636 15.11093796000019
SAT_32_18
1 90700U 26001A   26149.00000000  .00000000  00000-0  00000-0 0  9997
2 90700  53.2000 155.0000 0001000   0.0000 285.2273 15.11093796000012
SAT_32_19
1 90701U 26001A   26149.00000000  .00000000  00000-0  00000-0 0  9998
2 90701  53.2000 155.0000 0001000   0.0000 301.5909 15.11093796000011
SAT_32_20
1 90702U 26001A   26149.00000000  .00000000  00000-0  00000-0 0  9999
2 90702  53.2000 155.0000 0001000   0.0000 317.9545 15.11093796000019
SAT_32_21
1 90703U 26001A   26149.00000000  .00000000  00000-0  00000-0 0  9990
2 90703  53.2000 155.0000 0001000   0.0000 334.3182 15.11093796000010
SAT_32_22
1 90704U 26001A   26149.00000000  .00000000  00000-0  00000-0 0  9991
2 90704  53.2000 155.0000 0001000   0.0000 350.6818 15.11093796000018
SAT_33_01
1 90705U 26001A   26149.00000000  .00000000  00000-0  00000-0 0  9992
2 90705  53.2000 160.0000 0001000   0.0000   7.2727 15.11093796000019
SAT_33_02
1 90706U 26001A   26149.00000000  .00000000  00000-0  00000-0 0  9993
2 90706  53.2000 160.0000 0001000   0.0000  23.6364 15.11093796000019
SAT_33_03
1 90707U 26001A   26149.00000000  .00000000  00000-0  00000-0 0  9994
2 90707  53.2000 160.0000 0001000   0.0000  40.0000 15.11093796000010
SAT_33_04
1 90708U 26001A   26149.00000000  .00000000  00000-0  00000-0 0  9995
2 90708  53.2000 160.0000 0001000   0.0000  56.3636 15.11093796000016
SAT_33_05
1 90709U 26001A   26149.00000000  .00000000  00000-0  00000-0 0  9996
2 90709  53.2000 160.0000 0001000   0.0000  72.7273 15.11093796000016
SAT_33_06
1 90710U 26001A   26149.00000000  .00000000  00000-0  00000-0 0  9998
2 90710  53.2000 160.0000 0001000   0.0000  89.0909 15.11093796000015
SAT_33_07
1 90711U 26001A   26149.00000000  .00000000  00000-0  00000-0 0  9999
2 90711  53.2000 160.0000 0001000   0.0000 105.4545 15.11093796000015
SAT_33_08
1 90712U 26001A   26149.00000000  .00000000  00000-0  00000-0 0  9990
2 90712  53.2000 160.0000 0001000   0.0000 121.8182 15.11093796000015
SAT_33_09
1 90713U 26001A   26149.00000000  .00000000  00000-0  00000-0 0  9991
2 90713  53.2000 160.0000 0001000   0.0000 138.1818 15.11093796000013
SAT_33_10
1 90714U 26001A   26149.00000000  .00000000  00000-0  00000-0 0  9992
2 90714  53.2000 160.0000 0001000   0.0000 154.5455 15.11093796000013
SAT_33_11
1 90715U 26001A   26149.00000000  .00000000  00000-0  00000-0 0  9993
2 90715  53.2000 160.0000 0001000   0.0000 170.9091 15.11093796000012
SAT_33_12
1 90716U 26001A   26149.00000000  .00000000  00000-0  00000-0 0  9994
2 90716  53.2000 160.0000 0001000   0.0000 187.2727 15.11093796000010
SAT_33_13
1 90717U 26001A   26149.00000000  .00000000  00000-0  00000-0 0  9995
2 90717  53.2000 160.0000 0001000   0.0000 203.6364 15.11093796000011
SAT_33_14
1 90718U 26001A   26149.00000000  .00000000  00000-0  00000-0 0  9996
2 90718  53.2000 160.0000 0001000   0.0000 220.0000 15.11093796000012
SAT_33_15
1 90719U 26001A   26149.00000000  .00000000  00000-0  00000-0 0  9997
2 90719  53.2000 160.0000 0001000   0.0000 236.3636 15.11093796000018
SAT_33_16
1 90720U 26001A   26149.00000000  .00000000  00000-0  00000-0 0  9999
2 90720  53.2000 160.0000 0001000   0.0000 252.7273 15.11093796000019
SAT_33_17
1 90721U 26001A   26149.00000000  .00000000  00000-0  00000-0 0  9990
2 90721  53.2000 160.0000 0001000   0.0000 269.0909 15.11093796000017
SAT_33_18
1 90722U 26001A   26149.00000000  .00000000  00000-0  00000-0 0  9991
2 90722  53.2000 160.0000 0001000   0.0000 285.4545 15.11093796000016
SAT_33_19
1 90723U 26001A   26149.00000000  .00000000  00000-0  00000-0 0  9992
2 90723  53.2000 160.0000 0001000   0.0000 301.8182 15.11093796000017
SAT_33_20
1 90724U 26001A   26149.00000000  .00000000  00000-0  00000-0 0  9993
2 90724  53.2000 160.0000 0001000   0.0000 318.1818 15.11093796000015
SAT_33_21
1 90725U 26001A   26149.00000000  .00000000  00000-0  00000-0 0  9994
2 90725  53.2000 160.0000 0001000   0.0000 334.5455 15.11093796000015
SAT_33_22
1 90726U 26001A   26149.00000000  .00000000  00000-0  00000-0 0  9995
2 90726  53.2000 160.0000 0001000   0.0000 350.9091 15.11093796000014
SAT_34_01
1 90727U 26001A   26149.00000000  .00000000  00000-0  00000-0 0  9996
2 90727  53.2000 165.0000 0001000   0.0000   7.5000 15.11093796000015
SAT_34_02
1 90728U 26001A   26149.00000000  .00000000  00000-0  00000-0 0  9997
2 90728  53.2000 165.0000 0001000   0.0000  23.8636 15.11093796000012
SAT_34_03
1 90729U 26001A   26149.00000000  .00000000  00000-0  00000-0 0  9998
2 90729  53.2000 165.0000 0001000   0.0000  40.2273 15.11093796000013
SAT_34_04
1 90730U 26001A   26149.00000000  .00000000  00000-0  00000-0 0  9990
2 90730  53.2000 165.0000 0001000   0.0000  56.5909 15.11093796000011
SAT_34_05
1 90731U 26001A   26149.00000000  .00000000  00000-0  00000-0 0  9991
2 90731  53.2000 165.0000 0001000   0.0000  72.9545 15.11093796000010
SAT_34_06
1 90732U 26001A   26149.00000000  .00000000  00000-0  00000-0 0  9992
2 90732  53.2000 165.0000 0001000   0.0000  89.3182 15.11093796000010
SAT_34_07
1 90733U 26001A   26149.00000000  .00000000  00000-0  00000-0 0  9993
2 90733  53.2000 165.0000 0001000   0.0000 105.6818 15.11093796000019
SAT_34_08
1 90734U 26001A   26149.00000000  .00000000  00000-0  00000-0 0  9994
2 90734  53.2000 165.0000 0001000   0.0000 122.0455 15.11093796000010
SAT_34_09
1 90735U 26001A   26149.00000000  .00000000  00000-0  00000-0 0  9995
2 90735  53.2000 165.0000 0001000   0.0000 138.4091 15.11093796000018
SAT_34_10
1 90736U 26001A   26149.00000000  .00000000  00000-0  00000-0 0  9996
2 90736  53.2000 165.0000 0001000   0.0000 154.7727 15.11093796000016
SAT_34_11
1 90737U 26001A   26149.00000000  .00000000  00000-0  00000-0 0  9997
2 90737  53.2000 165.0000 0001000   0.0000 171.1364 15.11093796000017
SAT_34_12
1 90738U 26001A   26149.00000000  .00000000  00000-0  00000-0 0  9998
2 90738  53.2000 165.0000 0001000   0.0000 187.5000 15.11093796000016
SAT_34_13
1 90739U 26001A   26149.00000000  .00000000  00000-0  00000-0 0  9999
2 90739  53.2000 165.0000 0001000   0.0000 203.8636 15.11093796000014
SAT_34_14
1 90740U 26001A   26149.00000000  .00000000  00000-0  00000-0 0  9991
2 90740  53.2000 165.0000 0001000   0.0000 220.2273 15.11093796000016
SAT_34_15
1 90741U 26001A   26149.00000000  .00000000  00000-0  00000-0 0  9992
2 90741  53.2000 165.0000 0001000   0.0000 236.5909 15.11093796000013
SAT_34_16
1 90742U 26001A   26149.00000000  .00000000  00000-0  00000-0 0  9993
2 90742  53.2000 165.0000 0001000   0.0000 252.9545 15.11093796000012
SAT_34_17
1 90743U 26001A   26149.00000000  .00000000  00000-0  00000-0 0  9994
2 90743  53.2000 165.0000 0001000   0.0000 269.3182 15.11093796000012
SAT_34_18
1 90744U 26001A   26149.00000000  .00000000  00000-0  00000-0 0  9995
2 90744  53.2000 165.0000 0001000   0.0000 285.6818 15.11093796000010
SAT_34_19
1 90745U 26001A   26149.00000000  .00000000  00000-0  00000-0 0  9996
2 90745  53.2000 165.0000 0001000   0.0000 302.0455 15.11093796000012
SAT_34_20
1 90746U 26001A   26149.00000000  .00000000  00000-0  00000-0 0  9997
2 90746  53.2000 165.0000 0001000   0.0000 318.4091 15.11093796000010
SAT_34_21
1 90747U 26001A   26149.00000000  .00000000  00000-0  00000-0 0  9998
2 90747  53.2000 165.0000 0001000   0.0000 334.7727 15.11093796000018
SAT_34_22
1 90748U 26001A   26149.00000000  .00000000  00000-0  00000-0 0  9999
2 90748  53.2000 165.0000 0001000   0.0000 351.1364 15.11093796000019
SAT_35_01
1 90749U 26001A   26149.00000000  .00000000  00000-0  00000-0 0  9990
2 90749  53.2000 170.0000 0001000   0.0000   7.7273 15.11093796000019
SAT_35_02
1 90750U 26001A   26149.00000000  .00000000  00000-0  00000-0 0  9992
2 90750  53.2000 170.0000 0001000   0.0000  24.0909 15.11093796000019
SAT_35_03
1 90751U 26001A   26149.00000000  .00000000  00000-0  00000-0 0  9993
2 90751  53.2000 170.0000 0001000   0.0000  40.4545 15.11093796000018
SAT_35_04
1 90752U 26001A   26149.00000000  .00000000  00000-0  00000-0 0  9994
2 90752  53.2000 170.0000 0001000   0.0000  56.8182 15.11093796000017
SAT_35_05
1 90753U 26001A   26149.00000000  .00000000  00000-0  00000-0 0  9995
2 90753  53.2000 170.0000 0001000   0.0000  73.1818 15.11093796000016
SAT_35_06
1 90754U 26001A   26149.00000000  .00000000  00000-0  00000-0 0  9996
2 90754  53.2000 170.0000 0001000   0.0000  89.5455 15.11093796000015
SAT_35_07
1 90755U 26001A   26149.00000000  .00000000  00000-0  00000-0 0  9997
2 90755  53.2000 170.0000 0001000   0.0000 105.9091 15.11093796000015
SAT_35_08
1 90756U 26001A   26149.00000000  .00000000  00000-0  00000-0 0  9998
2 90756  53.2000 170.0000 0001000   0.0000 122.2727 15.11093796000014
SAT_35_09
1 90757U 26001A   26149.00000000  .00000000  00000-0  00000-0 0  9999
2 90757  53.2000 170.0000 0001000   0.0000 138.6364 15.11093796000013
SAT_35_10
1 90758U 26001A   26149.00000000  .00000000  00000-0  00000-0 0  9990
2 90758  53.2000 170.0000 0001000   0.0000 155.0000 15.11093796000014
SAT_35_11
1 90759U 26001A   26149.00000000  .00000000  00000-0  00000-0 0  9991
2 90759  53.2000 170.0000 0001000   0.0000 171.3636 15.11093796000011
SAT_35_12
1 90760U 26001A   26149.00000000  .00000000  00000-0  00000-0 0  9993
2 90760  53.2000 170.0000 0001000   0.0000 187.7273 15.11093796000011
SAT_35_13
1 90761U 26001A   26149.00000000  .00000000  00000-0  00000-0 0  9994
2 90761  53.2000 170.0000 0001000   0.0000 204.0909 15.11093796000011
SAT_35_14
1 90762U 26001A   26149.00000000  .00000000  00000-0  00000-0 0  9995
2 90762  53.2000 170.0000 0001000   0.0000 220.4545 15.11093796000010
SAT_35_15
1 90763U 26001A   26149.00000000  .00000000  00000-0  00000-0 0  9996
2 90763  53.2000 170.0000 0001000   0.0000 236.8182 15.11093796000019
SAT_35_16
1 90764U 26001A   26149.00000000  .00000000  00000-0  00000-0 0  9997
2 90764  53.2000 170.0000 0001000   0.0000 253.1818 15.11093796000018
SAT_35_17
1 90765U 26001A   26149.00000000  .00000000  00000-0  00000-0 0  9998
2 90765  53.2000 170.0000 0001000   0.0000 269.5455 15.11093796000017
SAT_35_18
1 90766U 26001A   26149.00000000  .00000000  00000-0  00000-0 0  9999
2 90766  53.2000 170.0000 0001000   0.0000 285.9091 15.11093796000016
SAT_35_19
1 90767U 26001A   26149.00000000  .00000000  00000-0  00000-0 0  9990
2 90767  53.2000 170.0000 0001000   0.0000 302.2727 15.11093796000016
SAT_35_20
1 90768U 26001A   26149.00000000  .00000000  00000-0  00000-0 0  9991
2 90768  53.2000 170.0000 0001000   0.0000 318.6364 15.11093796000015
SAT_35_21
1 90769U 26001A   26149.00000000  .00000000  00000-0  00000-0 0  9992
2 90769  53.2000 170.0000 0001000   0.0000 335.0000 15.11093796000016
SAT_35_22
1 90770U 26001A   26149.00000000  .00000000  00000-0  00000-0 0  9994
2 90770  53.2000 170.0000 0001000   0.0000 351.3636 15.11093796000014
SAT_36_01
1 90771U 26001A   26149.00000000  .00000000  00000-0  00000-0 0  9995
2 90771  53.2000 175.0000 0001000   0.0000   7.9545 15.11093796000013
SAT_36_02
1 90772U 26001A   26149.00000000  .00000000  00000-0  00000-0 0  9996
2 90772  53.2000 175.0000 0001000   0.0000  24.3182 15.11093796000014
SAT_36_03
1 90773U 26001A   26149.00000000  .00000000  00000-0  00000-0 0  9997
2 90773  53.2000 175.0000 0001000   0.0000  40.6818 15.11093796000012
SAT_36_04
1 90774U 26001A   26149.00000000  .00000000  00000-0  00000-0 0  9998
2 90774  53.2000 175.0000 0001000   0.0000  57.0455 15.11093796000012
SAT_36_05
1 90775U 26001A   26149.00000000  .00000000  00000-0  00000-0 0  9999
2 90775  53.2000 175.0000 0001000   0.0000  73.4091 15.11093796000011
SAT_36_06
1 90776U 26001A   26149.00000000  .00000000  00000-0  00000-0 0  9990
2 90776  53.2000 175.0000 0001000   0.0000  89.7727 15.11093796000018
SAT_36_07
1 90777U 26001A   26149.00000000  .00000000  00000-0  00000-0 0  9991
2 90777  53.2000 175.0000 0001000   0.0000 106.1364 15.11093796000010
SAT_36_08
1 90778U 26001A   26149.00000000  .00000000  00000-0  00000-0 0  9992
2 90778  53.2000 175.0000 0001000   0.0000 122.5000 15.11093796000010
SAT_36_09
1 90779U 26001A   26149.00000000  .00000000  00000-0  00000-0 0  9993
2 90779  53.2000 175.0000 0001000   0.0000 138.8636 15.11093796000016
SAT_36_10
1 90780U 26001A   26149.00000000  .00000000  00000-0  00000-0 0  9995
2 90780  53.2000 175.0000 0001000   0.0000 155.2273 15.11093796000018
SAT_36_11
1 90781U 26001A   26149.00000000  .00000000  00000-0  00000-0 0  9996
2 90781  53.2000 175.0000 0001000   0.0000 171.5909 15.11093796000016
SAT_36_12
1 90782U 26001A   26149.00000000  .00000000  00000-0  00000-0 0  9997
2 90782  53.2000 175.0000 0001000   0.0000 187.9545 15.11093796000014
SAT_36_13
1 90783U 26001A   26149.00000000  .00000000  00000-0  00000-0 0  9998
2 90783  53.2000 175.0000 0001000   0.0000 204.3182 15.11093796000016
SAT_36_14
1 90784U 26001A   26149.00000000  .00000000  00000-0  00000-0 0  9999
2 90784  53.2000 175.0000 0001000   0.0000 220.6818 15.11093796000014
SAT_36_15
1 90785U 26001A   26149.00000000  .00000000  00000-0  00000-0 0  9990
2 90785  53.2000 175.0000 0001000   0.0000 237.0455 15.11093796000014
SAT_36_16
1 90786U 26001A   26149.00000000  .00000000  00000-0  00000-0 0  9991
2 90786  53.2000 175.0000 0001000   0.0000 253.4091 15.11093796000013
SAT_36_17
1 90787U 26001A   26149.00000000  .00000000  00000-0  00000-0 0  9992
2 90787  53.2000 175.0000 0001000   0.0000 269.7727 15.11093796000010
SAT_36_18
1 90788U 26001A   26149.00000000  .00000000  00000-0  00000-0 0  9993
2 90788  53.2000 175.0000 0001000   0.0000 286.1364 15.11093796000011
SAT_36_19
1 90789U 26001A   26149.00000000  .00000000  00000-0  00000-0 0  9994
2 90789  53.2000 175.0000 0001000   0.0000 302.5000 15.11093796000012
SAT_36_20
1 90790U 26001A   26149.00000000  .00000000  00000-0  00000-0 0  9996
2 90790  53.2000 175.0000 0001000   0.0000 318.8636 15.11093796000019
SAT_36_21
1 90791U 26001A   26149.00000000  .00000000  00000-0  00000-0 0  9997
2 90791  53.2000 175.0000 0001000   0.0000 335.2273 15.11093796000010
SAT_36_22
1 90792U 26001A   26149.00000000  .00000000  00000-0  00000-0 0  9998
2 90792  53.2000 175.0000 0001000   0.0000 351.5909 15.11093796000018
SAT_37_01
1 90793U 26001A   26149.00000000  .00000000  00000-0  00000-0 0  9999
2 90793  53.2000 180.0000 0001000   0.0000   8.1818 15.11093796000019
SAT_37_02
1 90794U 26001A   26149.00000000  .00000000  00000-0  00000-0 0  9990
2 90794  53.2000 180.0000 0001000   0.0000  24.5455 15.11093796000019
SAT_37_03
1 90795U 26001A   26149.00000000  .00000000  00000-0  00000-0 0  9991
2 90795  53.2000 180.0000 0001000   0.0000  40.9091 15.11093796000018
SAT_37_04
1 90796U 26001A   26149.00000000  .00000000  00000-0  00000-0 0  9992
2 90796  53.2000 180.0000 0001000   0.0000  57.2727 15.11093796000016
SAT_37_05
1 90797U 26001A   26149.00000000  .00000000  00000-0  00000-0 0  9993
2 90797  53.2000 180.0000 0001000   0.0000  73.6364 15.11093796000016
SAT_37_06
1 90798U 26001A   26149.00000000  .00000000  00000-0  00000-0 0  9994
2 90798  53.2000 180.0000 0001000   0.0000  90.0000 15.11093796000017
SAT_37_07
1 90799U 26001A   26149.00000000  .00000000  00000-0  00000-0 0  9995
2 90799  53.2000 180.0000 0001000   0.0000 106.3636 15.11093796000014
SAT_37_08
1 90800U 26001A   26149.00000000  .00000000  00000-0  00000-0 0  9998
2 90800  53.2000 180.0000 0001000   0.0000 122.7273 15.11093796000016
SAT_37_09
1 90801U 26001A   26149.00000000  .00000000  00000-0  00000-0 0  9999
2 90801  53.2000 180.0000 0001000   0.0000 139.0909 15.11093796000014
SAT_37_10
1 90802U 26001A   26149.00000000  .00000000  00000-0  00000-0 0  9990
2 90802  53.2000 180.0000 0001000   0.0000 155.4545 15.11093796000013
SAT_37_11
1 90803U 26001A   26149.00000000  .00000000  00000-0  00000-0 0  9991
2 90803  53.2000 180.0000 0001000   0.0000 171.8182 15.11093796000013
SAT_37_12
1 90804U 26001A   26149.00000000  .00000000  00000-0  00000-0 0  9992
2 90804  53.2000 180.0000 0001000   0.0000 188.1818 15.11093796000011
SAT_37_13
1 90805U 26001A   26149.00000000  .00000000  00000-0  00000-0 0  9993
2 90805  53.2000 180.0000 0001000   0.0000 204.5455 15.11093796000012
SAT_37_14
1 90806U 26001A   26149.00000000  .00000000  00000-0  00000-0 0  9994
2 90806  53.2000 180.0000 0001000   0.0000 220.9091 15.11093796000011
SAT_37_15
1 90807U 26001A   26149.00000000  .00000000  00000-0  00000-0 0  9995
2 90807  53.2000 180.0000 0001000   0.0000 237.2727 15.11093796000019
SAT_37_16
1 90808U 26001A   26149.00000000  .00000000  00000-0  00000-0 0  9996
2 90808  53.2000 180.0000 0001000   0.0000 253.6364 15.11093796000019
SAT_37_17
1 90809U 26001A   26149.00000000  .00000000  00000-0  00000-0 0  9997
2 90809  53.2000 180.0000 0001000   0.0000 270.0000 15.11093796000010
SAT_37_18
1 90810U 26001A   26149.00000000  .00000000  00000-0  00000-0 0  9999
2 90810  53.2000 180.0000 0001000   0.0000 286.3636 15.11093796000017
SAT_37_19
1 90811U 26001A   26149.00000000  .00000000  00000-0  00000-0 0  9990
2 90811  53.2000 180.0000 0001000   0.0000 302.7273 15.11093796000018
SAT_37_20
1 90812U 26001A   26149.00000000  .00000000  00000-0  00000-0 0  9991
2 90812  53.2000 180.0000 0001000   0.0000 319.0909 15.11093796000016
SAT_37_21
1 90813U 26001A   26149.00000000  .00000000  00000-0  00000-0 0  9992
2 90813  53.2000 180.0000 0001000   0.0000 335.4545 15.11093796000015
SAT_37_22
1 90814U 26001A   26149.00000000  .00000000  00000-0  00000-0 0  9993
2 90814  53.2000 180.0000 0001000   0.0000 351.8182 15.11093796000015
SAT_38_01
1 90815U 26001A   26149.00000000  .00000000  00000-0  00000-0 0  9994
2 90815  53.2000 185.0000 0001000   0.0000   8.4091 15.11093796000015
SAT_38_02
1 90816U 26001A   26149.00000000  .00000000  00000-0  00000-0 0  9995
2 90816  53.2000 185.0000 0001000   0.0000  24.7727 15.11093796000013
SAT_38_03
1 90817U 26001A   26149.00000000  .00000000  00000-0  00000-0 0  9996
2 90817  53.2000 185.0000 0001000   0.0000  41.1364 15.11093796000014
SAT_38_04
1 90818U 26001A   26149.00000000  .00000000  00000-0  00000-0 0  9997
2 90818  53.2000 185.0000 0001000   0.0000  57.5000 15.11093796000013
SAT_38_05
1 90819U 26001A   26149.00000000  .00000000  00000-0  00000-0 0  9998
2 90819  53.2000 185.0000 0001000   0.0000  73.8636 15.11093796000010
SAT_38_06
1 90820U 26001A   26149.00000000  .00000000  00000-0  00000-0 0  9990
2 90820  53.2000 185.0000 0001000   0.0000  90.2273 15.11093796000012
SAT_38_07
1 90821U 26001A   26149.00000000  .00000000  00000-0  00000-0 0  9991
2 90821  53.2000 185.0000 0001000   0.0000 106.5909 15.11093796000010
SAT_38_08
1 90822U 26001A   26149.00000000  .00000000  00000-0  00000-0 0  9992
2 90822  53.2000 185.0000 0001000   0.0000 122.9545 15.11093796000019
SAT_38_09
1 90823U 26001A   26149.00000000  .00000000  00000-0  00000-0 0  9993
2 90823  53.2000 185.0000 0001000   0.0000 139.3182 15.11093796000019
SAT_38_10
1 90824U 26001A   26149.00000000  .00000000  00000-0  00000-0 0  9994
2 90824  53.2000 185.0000 0001000   0.0000 155.6818 15.11093796000017
SAT_38_11
1 90825U 26001A   26149.00000000  .00000000  00000-0  00000-0 0  9995
2 90825  53.2000 185.0000 0001000   0.0000 172.0455 15.11093796000018
SAT_38_12
1 90826U 26001A   26149.00000000  .00000000  00000-0  00000-0 0  9996
2 90826  53.2000 185.0000 0001000   0.0000 188.4091 15.11093796000016
SAT_38_13
1 90827U 26001A   26149.00000000  .00000000  00000-0  00000-0 0  9997
2 90827  53.2000 185.0000 0001000   0.0000 204.7727 15.11093796000015
SAT_38_14
1 90828U 26001A   26149.00000000  .00000000  00000-0  00000-0 0  9998
2 90828  53.2000 185.0000 0001000   0.0000 221.1364 15.11093796000016
SAT_38_15
1 90829U 26001A   26149.00000000  .00000000  00000-0  00000-0 0  9999
2 90829  53.2000 185.0000 0001000   0.0000 237.5000 15.11093796000015
SAT_38_16
1 90830U 26001A   26149.00000000  .00000000  00000-0  00000-0 0  9991
2 90830  53.2000 185.0000 0001000   0.0000 253.8636 15.11093796000013
SAT_38_17
1 90831U 26001A   26149.00000000  .00000000  00000-0  00000-0 0  9992
2 90831  53.2000 185.0000 0001000   0.0000 270.2273 15.11093796000014
SAT_38_18
1 90832U 26001A   26149.00000000  .00000000  00000-0  00000-0 0  9993
2 90832  53.2000 185.0000 0001000   0.0000 286.5909 15.11093796000011
SAT_38_19
1 90833U 26001A   26149.00000000  .00000000  00000-0  00000-0 0  9994
2 90833  53.2000 185.0000 0001000   0.0000 302.9545 15.11093796000011
SAT_38_20
1 90834U 26001A   26149.00000000  .00000000  00000-0  00000-0 0  9995
2 90834  53.2000 185.0000 0001000   0.0000 319.3182 15.11093796000011
SAT_38_21
1 90835U 26001A   26149.00000000  .00000000  00000-0  00000-0 0  9996
2 90835  53.2000 185.0000 0001000   0.0000 335.6818 15.11093796000019
SAT_38_22
1 90836U 26001A   26149.00000000  .00000000  00000-0  00000-0 0  9997
2 90836  53.2000 185.0000 0001000   0.0000 352.0455 15.11093796000010
SAT_39_01
1 90837U 26001A   26149.00000000  .00000000  00000-0  00000-0 0  9998
2 90837  53.2000 190.0000 0001000   0.0000   8.6364 15.11093796000010
SAT_39_02
1 90838U 26001A   26149.00000000  .00000000  00000-0  00000-0 0  9999
2 90838  53.2000 190.0000 0001000   0.0000  25.0000 15.11093796000011
SAT_39_03
1 90839U 26001A   26149.00000000  .00000000  00000-0  00000-0 0  9990
2 90839  53.2000 190.0000 0001000   0.0000  41.3636 15.11093796000018
SAT_39_04
1 90840U 26001A   26149.00000000  .00000000  00000-0  00000-0 0  9992
2 90840  53.2000 190.0000 0001000   0.0000  57.7273 15.11093796000018
SAT_39_05
1 90841U 26001A   26149.00000000  .00000000  00000-0  00000-0 0  9993
2 90841  53.2000 190.0000 0001000   0.0000  74.0909 15.11093796000017
SAT_39_06
1 90842U 26001A   26149.00000000  .00000000  00000-0  00000-0 0  9994
2 90842  53.2000 190.0000 0001000   0.0000  90.4545 15.11093796000016
SAT_39_07
1 90843U 26001A   26149.00000000  .00000000  00000-0  00000-0 0  9995
2 90843  53.2000 190.0000 0001000   0.0000 106.8182 15.11093796000016
SAT_39_08
1 90844U 26001A   26149.00000000  .00000000  00000-0  00000-0 0  9996
2 90844  53.2000 190.0000 0001000   0.0000 123.1818 15.11093796000015
SAT_39_09
1 90845U 26001A   26149.00000000  .00000000  00000-0  00000-0 0  9997
2 90845  53.2000 190.0000 0001000   0.0000 139.5455 15.11093796000014
SAT_39_10
1 90846U 26001A   26149.00000000  .00000000  00000-0  00000-0 0  9998
2 90846  53.2000 190.0000 0001000   0.0000 155.9091 15.11093796000013
SAT_39_11
1 90847U 26001A   26149.00000000  .00000000  00000-0  00000-0 0  9999
2 90847  53.2000 190.0000 0001000   0.0000 172.2727 15.11093796000012
SAT_39_12
1 90848U 26001A   26149.00000000  .00000000  00000-0  00000-0 0  9990
2 90848  53.2000 190.0000 0001000   0.0000 188.6364 15.11093796000011
SAT_39_13
1 90849U 26001A   26149.00000000  .00000000  00000-0  00000-0 0  9991
2 90849  53.2000 190.0000 0001000   0.0000 205.0000 15.11093796000013
SAT_39_14
1 90850U 26001A   26149.00000000  .00000000  00000-0  00000-0 0  9993
2 90850  53.2000 190.0000 0001000   0.0000 221.3636 15.11093796000011
SAT_39_15
1 90851U 26001A   26149.00000000  .00000000  00000-0  00000-0 0  9994
2 90851  53.2000 190.0000 0001000   0.0000 237.7273 15.11093796000010
SAT_39_16
1 90852U 26001A   26149.00000000  .00000000  00000-0  00000-0 0  9995
2 90852  53.2000 190.0000 0001000   0.0000 254.0909 15.11093796000019
SAT_39_17
1 90853U 26001A   26149.00000000  .00000000  00000-0  00000-0 0  9996
2 90853  53.2000 190.0000 0001000   0.0000 270.4545 15.11093796000018
SAT_39_18
1 90854U 26001A   26149.00000000  .00000000  00000-0  00000-0 0  9997
2 90854  53.2000 190.0000 0001000   0.0000 286.8182 15.11093796000017
SAT_39_19
1 90855U 26001A   26149.00000000  .00000000  00000-0  00000-0 0  9998
2 90855  53.2000 190.0000 0001000   0.0000 303.1818 15.11093796000017
SAT_39_20
1 90856U 26001A   26149.00000000  .00000000  00000-0  00000-0 0  9999
2 90856  53.2000 190.0000 0001000   0.0000 319.5455 15.11093796000016
SAT_39_21
1 90857U 26001A   26149.00000000  .00000000  00000-0  00000-0 0  9990
2 90857  53.2000 190.0000 0001000   0.0000 335.9091 15.11093796000015
SAT_39_22
1 90858U 26001A   26149.00000000  .00000000  00000-0  00000-0 0  9991
2 90858  53.2000 190.0000 0001000   0.0000 352.2727 15.11093796000014
SAT_40_01
1 90859U 26001A   26149.00000000  .00000000  00000-0  00000-0 0  9992
2 90859  53.2000 195.0000 0001000   0.0000   8.8636 15.11093796000013
SAT_40_02
1 90860U 26001A   26149.00000000  .00000000  00000-0  00000-0 0  9994
2 90860  53.2000 195.0000 0001000   0.0000  25.2273 15.11093796000015
SAT_40_03
1 90861U 26001A   26149.00000000  .00000000  00000-0  00000-0 0  9995
2 90861  53.2000 195.0000 0001000   0.0000  41.5909 15.11093796000013
SAT_40_04
1 90862U 26001A   26149.00000000  .00000000  00000-0  00000-0 0  9996
2 90862  53.2000 195.0000 0001000   0.0000  57.9545 15.11093796000011
SAT_40_05
1 90863U 26001A   26149.00000000  .00000000  00000-0  00000-0 0  9997
2 90863  53.2000 195.0000 0001000   0.0000  74.3182 15.11093796000012
SAT_40_06
1 90864U 26001A   26149.00000000  .00000000  00000-0  00000-0 0  9998
2 90864  53.2000 195.0000 0001000   0.0000  90.6818 15.11093796000010
SAT_40_07
1 90865U 26001A   26149.00000000  .00000000  00000-0  00000-0 0  9999
2 90865  53.2000 195.0000 0001000   0.0000 107.0455 15.11093796000011
SAT_40_08
1 90866U 26001A   26149.00000000  .00000000  00000-0  00000-0 0  9990
2 90866  53.2000 195.0000 0001000   0.0000 123.4091 15.11093796000010
SAT_40_09
1 90867U 26001A   26149.00000000  .00000000  00000-0  00000-0 0  9991
2 90867  53.2000 195.0000 0001000   0.0000 139.7727 15.11093796000017
SAT_40_10
1 90868U 26001A   26149.00000000  .00000000  00000-0  00000-0 0  9992
2 90868  53.2000 195.0000 0001000   0.0000 156.1364 15.11093796000018
SAT_40_11
1 90869U 26001A   26149.00000000  .00000000  00000-0  00000-0 0  9993
2 90869  53.2000 195.0000 0001000   0.0000 172.5000 15.11093796000018
SAT_40_12
1 90870U 26001A   26149.00000000  .00000000  00000-0  00000-0 0  9995
2 90870  53.2000 195.0000 0001000   0.0000 188.8636 15.11093796000015
SAT_40_13
1 90871U 26001A   26149.00000000  .00000000  00000-0  00000-0 0  9996
2 90871  53.2000 195.0000 0001000   0.0000 205.2273 15.11093796000017
SAT_40_14
1 90872U 26001A   26149.00000000  .00000000  00000-0  00000-0 0  9997
2 90872  53.2000 195.0000 0001000   0.0000 221.5909 15.11093796000015
SAT_40_15
1 90873U 26001A   26149.00000000  .00000000  00000-0  00000-0 0  9998
2 90873  53.2000 195.0000 0001000   0.0000 237.9545 15.11093796000013
SAT_40_16
1 90874U 26001A   26149.00000000  .00000000  00000-0  00000-0 0  9999
2 90874  53.2000 195.0000 0001000   0.0000 254.3182 15.11093796000014
SAT_40_17
1 90875U 26001A   26149.00000000  .00000000  00000-0  00000-0 0  9990
2 90875  53.2000 195.0000 0001000   0.0000 270.6818 15.11093796000012
SAT_40_18
1 90876U 26001A   26149.00000000  .00000000  00000-0  00000-0 0  9991
2 90876  53.2000 195.0000 0001000   0.0000 287.0455 15.11093796000012
SAT_40_19
1 90877U 26001A   26149.00000000  .00000000  00000-0  00000-0 0  9992
2 90877  53.2000 195.0000 0001000   0.0000 303.4091 15.11093796000012
SAT_40_20
1 90878U 26001A   26149.00000000  .00000000  00000-0  00000-0 0  9993
2 90878  53.2000 195.0000 0001000   0.0000 319.7727 15.11093796000019
SAT_40_21
1 90879U 26001A   26149.00000000  .00000000  00000-0  00000-0 0  9994
2 90879  53.2000 195.0000 0001000   0.0000 336.1364 15.11093796000010
SAT_40_22
1 90880U 26001A   26149.00000000  .00000000  00000-0  00000-0 0  9996
2 90880  53.2000 195.0000 0001000   0.0000 352.5000 15.11093796000011
SAT_41_01
1 90881U 26001A   26149.00000000  .00000000  00000-0  00000-0 0  9997
2 90881  53.2000 200.0000 0001000   0.0000   9.0909 15.11093796000011
SAT_41_02
1 90882U 26001A   26149.00000000  .00000000  00000-0  00000-0 0  9998
2 90882  53.2000 200.0000 0001000   0.0000  25.4545 15.11093796000010
SAT_41_03
1 90883U 26001A   26149.00000000  .00000000  00000-0  00000-0 0  9999
2 90883  53.2000 200.0000 0001000   0.0000  41.8182 15.11093796000010
SAT_41_04
1 90884U 26001A   26149.00000000  .00000000  00000-0  00000-0 0  9990
2 90884  53.2000 200.0000 0001000   0.0000  58.1818 15.11093796000018
SAT_41_05
1 90885U 26001A   26149.00000000  .00000000  00000-0  00000-0 0  9991
2 90885  53.2000 200.0000 0001000   0.0000  74.5455 15.11093796000018
SAT_41_06
1 90886U 26001A   26149.00000000  .00000000  00000-0  00000-0 0  9992
2 90886  53.2000 200.0000 0001000   0.0000  90.9091 15.11093796000017
SAT_41_07
1 90887U 26001A   26149.00000000  .00000000  00000-0  00000-0 0  9993
2 90887  53.2000 200.0000 0001000   0.0000 107.2727 15.11093796000016
SAT_41_08
1 90888U 26001A   26149.00000000  .00000000  00000-0  00000-0 0  9994
2 90888  53.2000 200.0000 0001000   0.0000 123.6364 15.11093796000016
SAT_41_09
1 90889U 26001A   26149.00000000  .00000000  00000-0  00000-0 0  9995
2 90889  53.2000 200.0000 0001000   0.0000 140.0000 15.11093796000017
SAT_41_10
1 90890U 26001A   26149.00000000  .00000000  00000-0  00000-0 0  9997
2 90890  53.2000 200.0000 0001000   0.0000 156.3636 15.11093796000014
SAT_41_11
1 90891U 26001A   26149.00000000  .00000000  00000-0  00000-0 0  9998
2 90891  53.2000 200.0000 0001000   0.0000 172.7273 15.11093796000014
SAT_41_12
1 90892U 26001A   26149.00000000  .00000000  00000-0  00000-0 0  9999
2 90892  53.2000 200.0000 0001000   0.0000 189.0909 15.11093796000012
SAT_41_13
1 90893U 26001A   26149.00000000  .00000000  00000-0  00000-0 0  9990
2 90893  53.2000 200.0000 0001000   0.0000 205.4545 15.11093796000012
SAT_41_14
1 90894U 26001A   26149.00000000  .00000000  00000-0  00000-0 0  9991
2 90894  53.2000 200.0000 0001000   0.0000 221.8182 15.11093796000012
SAT_41_15
1 90895U 26001A   26149.00000000  .00000000  00000-0  00000-0 0  9992
2 90895  53.2000 200.0000 0001000   0.0000 238.1818 15.11093796000010
SAT_41_16
1 90896U 26001A   26149.00000000  .00000000  00000-0  00000-0 0  9993
2 90896  53.2000 200.0000 0001000   0.0000 254.5455 15.11093796000010
SAT_41_17
1 90897U 26001A   26149.00000000  .00000000  00000-0  00000-0 0  9994
2 90897  53.2000 200.0000 0001000   0.0000 270.9091 15.11093796000019
SAT_41_18
1 90898U 26001A   26149.00000000  .00000000  00000-0  00000-0 0  9995
2 90898  53.2000 200.0000 0001000   0.0000 287.2727 15.11093796000017
SAT_41_19
1 90899U 26001A   26149.00000000  .00000000  00000-0  00000-0 0  9996
2 90899  53.2000 200.0000 0001000   0.0000 303.6364 15.11093796000018
SAT_41_20
1 90900U 26001A   26149.00000000  .00000000  00000-0  00000-0 0  9999
2 90900  53.2000 200.0000 0001000   0.0000 320.0000 15.11093796000011
SAT_41_21
1 90901U 26001A   26149.00000000  .00000000  00000-0  00000-0 0  9990
2 90901  53.2000 200.0000 0001000   0.0000 336.3636 15.11093796000017
SAT_41_22
1 90902U 26001A   26149.00000000  .00000000  00000-0  00000-0 0  9991
2 90902  53.2000 200.0000 0001000   0.0000 352.7273 15.11093796000017
SAT_42_01
1 90903U 26001A   26149.00000000  .00000000  00000-0  00000-0 0  9992
2 90903  53.2000 205.0000 0001000   0.0000   9.3182 15.11093796000017
SAT_42_02
1 90904U 26001A   26149.00000000  .00000000  00000-0  00000-0 0  9993
2 90904  53.2000 205.0000 0001000   0.0000  25.6818 15.11093796000015
SAT_42_03
1 90905U 26001A   26149.00000000  .00000000  00000-0  00000-0 0  9994
2 90905  53.2000 205.0000 0001000   0.0000  42.0455 15.11093796000016
SAT_42_04
1 90906U 26001A   26149.00000000  .00000000  00000-0  00000-0 0  9995
2 90906  53.2000 205.0000 0001000   0.0000  58.4091 15.11093796000014
SAT_42_05
1 90907U 26001A   26149.00000000  .00000000  00000-0  00000-0 0  9996
2 90907  53.2000 205.0000 0001000   0.0000  74.7727 15.11093796000012
SAT_42_06
1 90908U 26001A   26149.00000000  .00000000  00000-0  00000-0 0  9997
2 90908  53.2000 205.0000 0001000   0.0000  91.1364 15.11093796000013
SAT_42_07
1 90909U 26001A   26149.00000000  .00000000  00000-0  00000-0 0  9998
2 90909  53.2000 205.0000 0001000   0.0000 107.5000 15.11093796000013
SAT_42_08
1 90910U 26001A   26149.00000000  .00000000  00000-0  00000-0 0  9990
2 90910  53.2000 205.0000 0001000   0.0000 123.8636 15.11093796000011
SAT_42_09
1 90911U 26001A   26149.00000000  .00000000  00000-0  00000-0 0  9991
2 90911  53.2000 205.0000 0001000   0.0000 140.2273 15.11093796000012
SAT_42_10
1 90912U 26001A   26149.00000000  .00000000  00000-0  00000-0 0  9992
2 90912  53.2000 205.0000 0001000   0.0000 156.5909 15.11093796000019
SAT_42_11
1 90913U 26001A   26149.00000000  .00000000  00000-0  00000-0 0  9993
2 90913  53.2000 205.0000 0001000   0.0000 172.9545 15.11093796000018
SAT_42_12
1 90914U 26001A   26149.00000000  .00000000  00000-0  00000-0 0  9994
2 90914  53.2000 205.0000 0001000   0.0000 189.3182 15.11093796000018
SAT_42_13
1 90915U 26001A   26149.00000000  .00000000  00000-0  00000-0 0  9995
2 90915  53.2000 205.0000 0001000   0.0000 205.6818 15.11093796000017
SAT_42_14
1 90916U 26001A   26149.00000000  .00000000  00000-0  00000-0 0  9996
2 90916  53.2000 205.0000 0001000   0.0000 222.0455 15.11093796000018
SAT_42_15
1 90917U 26001A   26149.00000000  .00000000  00000-0  00000-0 0  9997
2 90917  53.2000 205.0000 0001000   0.0000 238.4091 15.11093796000016
SAT_42_16
1 90918U 26001A   26149.00000000  .00000000  00000-0  00000-0 0  9998
2 90918  53.2000 205.0000 0001000   0.0000 254.7727 15.11093796000014
SAT_42_17
1 90919U 26001A   26149.00000000  .00000000  00000-0  00000-0 0  9999
2 90919  53.2000 205.0000 0001000   0.0000 271.1364 15.11093796000015
SAT_42_18
1 90920U 26001A   26149.00000000  .00000000  00000-0  00000-0 0  9991
2 90920  53.2000 205.0000 0001000   0.0000 287.5000 15.11093796000015
SAT_42_19
1 90921U 26001A   26149.00000000  .00000000  00000-0  00000-0 0  9992
2 90921  53.2000 205.0000 0001000   0.0000 303.8636 15.11093796000013
SAT_42_20
1 90922U 26001A   26149.00000000  .00000000  00000-0  00000-0 0  9993
2 90922  53.2000 205.0000 0001000   0.0000 320.2273 15.11093796000014
SAT_42_21
1 90923U 26001A   26149.00000000  .00000000  00000-0  00000-0 0  9994
2 90923  53.2000 205.0000 0001000   0.0000 336.5909 15.11093796000011
SAT_42_22
1 90924U 26001A   26149.00000000  .00000000  00000-0  00000-0 0  9995
2 90924  53.2000 205.0000 0001000   0.0000 352.9545 15.11093796000010
SAT_43_01
1 90925U 26001A   26149.00000000  .00000000  00000-0  00000-0 0  9996
2 90925  53.2000 210.0000 0001000   0.0000   9.5455 15.11093796000012
SAT_43_02
1 90926U 26001A   26149.00000000  .00000000  00000-0  00000-0 0  9997
2 90926  53.2000 210.0000 0001000   0.0000  25.9091 15.11093796000011
SAT_43_03
1 90927U 26001A   26149.00000000  .00000000  00000-0  00000-0 0  9998
2 90927  53.2000 210.0000 0001000   0.0000  42.2727 15.11093796000010
SAT_43_04
1 90928U 26001A   26149.00000000  .00000000  00000-0  00000-0 0  9999
2 90928  53.2000 210.0000 0001000   0.0000  58.6364 15.11093796000019
SAT_43_05
1 90929U 26001A   26149.00000000  .00000000  00000-0  00000-0 0  9990
2 90929  53.2000 210.0000 0001000   0.0000  75.0000 15.11093796000010
SAT_43_06
1 90930U 26001A   26149.00000000  .00000000  00000-0  00000-0 0  9992
2 90930  53.2000 210.0000 0001000   0.0000  91.3636 15.11093796000018
SAT_43_07
1 90931U 26001A   26149.00000000  .00000000  00000-0  00000-0 0  9993
2 90931  53.2000 210.0000 0001000   0.0000 107.7273 15.11093796000018
SAT_43_08
1 90932U 26001A   26149.00000000  .00000000  00000-0  00000-0 0  9994
2 90932  53.2000 210.0000 0001000   0.0000 124.0909 15.11093796000017
SAT_43_09
1 90933U 26001A   26149.00000000  .00000000  00000-0  00000-0 0  9995
2 90933  53.2000 210.0000 0001000   0.0000 140.4545 15.11093796000016
SAT_43_10
1 90934U 26001A   26149.00000000  .00000000  00000-0  00000-0 0  9996
2 90934  53.2000 210.0000 0001000   0.0000 156.8182 15.11093796000015
SAT_43_11
1 90935U 26001A   26149.00000000  .00000000  00000-0  00000-0 0  9997
2 90935  53.2000 210.0000 0001000   0.0000 173.1818 15.11093796000014
SAT_43_12
1 90936U 26001A   26149.00000000  .00000000  00000-0  00000-0 0  9998
2 90936  53.2000 210.0000 0001000   0.0000 189.5455 15.11093796000013
SAT_43_13
1 90937U 26001A   26149.00000000  .00000000  00000-0  00000-0 0  9999
2 90937  53.2000 210.0000 0001000   0.0000 205.9091 15.11093796000013
SAT_43_14
1 90938U 26001A   26149.00000000  .00000000  00000-0  00000-0 0  9990
2 90938  53.2000 210.0000 0001000   0.0000 222.2727 15.11093796000012
SAT_43_15
1 90939U 26001A   26149.00000000  .00000000  00000-0  00000-0 0  9991
2 90939  53.2000 210.0000 0001000   0.0000 238.6364 15.11093796000011
SAT_43_16
1 90940U 26001A   26149.00000000  .00000000  00000-0  00000-0 0  9993
2 90940  53.2000 210.0000 0001000   0.0000 255.0000 15.11093796000013
SAT_43_17
1 90941U 26001A   26149.00000000  .00000000  00000-0  00000-0 0  9994
2 90941  53.2000 210.0000 0001000   0.0000 271.3636 15.11093796000010
SAT_43_18
1 90942U 26001A   26149.00000000  .00000000  00000-0  00000-0 0  9995
2 90942  53.2000 210.0000 0001000   0.0000 287.7273 15.11093796000019
SAT_43_19
1 90943U 26001A   26149.00000000  .00000000  00000-0  00000-0 0  9996
2 90943  53.2000 210.0000 0001000   0.0000 304.0909 15.11093796000019
SAT_43_20
1 90944U 26001A   26149.00000000  .00000000  00000-0  00000-0 0  9997
2 90944  53.2000 210.0000 0001000   0.0000 320.4545 15.11093796000018
SAT_43_21
1 90945U 26001A   26149.00000000  .00000000  00000-0  00000-0 0  9998
2 90945  53.2000 210.0000 0001000   0.0000 336.8182 15.11093796000017
SAT_43_22
1 90946U 26001A   26149.00000000  .00000000  00000-0  00000-0 0  9999
2 90946  53.2000 210.0000 0001000   0.0000 353.1818 15.11093796000016
SAT_44_01
1 90947U 26001A   26149.00000000  .00000000  00000-0  00000-0 0  9990
2 90947  53.2000 215.0000 0001000   0.0000   9.7727 15.11093796000015
SAT_44_02
1 90948U 26001A   26149.00000000  .00000000  00000-0  00000-0 0  9991
2 90948  53.2000 215.0000 0001000   0.0000  26.1364 15.11093796000016
SAT_44_03
1 90949U 26001A   26149.00000000  .00000000  00000-0  00000-0 0  9992
2 90949  53.2000 215.0000 0001000   0.0000  42.5000 15.11093796000016
SAT_44_04
1 90950U 26001A   26149.00000000  .00000000  00000-0  00000-0 0  9994
2 90950  53.2000 215.0000 0001000   0.0000  58.8636 15.11093796000013
SAT_44_05
1 90951U 26001A   26149.00000000  .00000000  00000-0  00000-0 0  9995
2 90951  53.2000 215.0000 0001000   0.0000  75.2273 15.11093796000014
SAT_44_06
1 90952U 26001A   26149.00000000  .00000000  00000-0  00000-0 0  9996
2 90952  53.2000 215.0000 0001000   0.0000  91.5909 15.11093796000012
SAT_44_07
1 90953U 26001A   26149.00000000  .00000000  00000-0  00000-0 0  9997
2 90953  53.2000 215.0000 0001000   0.0000 107.9545 15.11093796000011
SAT_44_08
1 90954U 26001A   26149.00000000  .00000000  00000-0  00000-0 0  9998
2 90954  53.2000 215.0000 0001000   0.0000 124.3182 15.11093796000012
SAT_44_09
1 90955U 26001A   26149.00000000  .00000000  00000-0  00000-0 0  9999
2 90955  53.2000 215.0000 0001000   0.0000 140.6818 15.11093796000010
SAT_44_10
1 90956U 26001A   26149.00000000  .00000000  00000-0  00000-0 0  9990
2 90956  53.2000 215.0000 0001000   0.0000 157.0455 15.11093796000010
SAT_44_11
1 90957U 26001A   26149.00000000  .00000000  00000-0  00000-0 0  9991
2 90957  53.2000 215.0000 0001000   0.0000 173.4091 15.11093796000019
SAT_44_12
1 90958U 26001A   26149.00000000  .00000000  00000-0  00000-0 0  9992
2 90958  53.2000 215.0000 0001000   0.0000 189.7727 15.11093796000016
SAT_44_13
1 90959U 26001A   26149.00000000  .00000000  00000-0  00000-0 0  9993
2 90959  53.2000 215.0000 0001000   0.0000 206.1364 15.11093796000018
SAT_44_14
1 90960U 26001A   26149.00000000  .00000000  00000-0  00000-0 0  9995
2 90960  53.2000 215.0000 0001000   0.0000 222.5000 15.11093796000019
SAT_44_15
1 90961U 26001A   26149.00000000  .00000000  00000-0  00000-0 0  9996
2 90961  53.2000 215.0000 0001000   0.0000 238.8636 15.11093796000015
SAT_44_16
1 90962U 26001A   26149.00000000  .00000000  00000-0  00000-0 0  9997
2 90962  53.2000 215.0000 0001000   0.0000 255.2273 15.11093796000016
SAT_44_17
1 90963U 26001A   26149.00000000  .00000000  00000-0  00000-0 0  9998
2 90963  53.2000 215.0000 0001000   0.0000 271.5909 15.11093796000014
SAT_44_18
1 90964U 26001A   26149.00000000  .00000000  00000-0  00000-0 0  9999
2 90964  53.2000 215.0000 0001000   0.0000 287.9545 15.11093796000012
SAT_44_19
1 90965U 26001A   26149.00000000  .00000000  00000-0  00000-0 0  9990
2 90965  53.2000 215.0000 0001000   0.0000 304.3182 15.11093796000014
SAT_44_20
1 90966U 26001A   26149.00000000  .00000000  00000-0  00000-0 0  9991
2 90966  53.2000 215.0000 0001000   0.0000 320.6818 15.11093796000012
SAT_44_21
1 90967U 26001A   26149.00000000  .00000000  00000-0  00000-0 0  9992
2 90967  53.2000 215.0000 0001000   0.0000 337.0455 15.11093796000012
SAT_44_22
1 90968U 26001A   26149.00000000  .00000000  00000-0  00000-0 0  9993
2 90968  53.2000 215.0000 0001000   0.0000 353.4091 15.11093796000011
SAT_45_01
1 90969U 26001A   26149.00000000  .00000000  00000-0  00000-0 0  9994
2 90969  53.2000 220.0000 0001000   0.0000  10.0000 15.11093796000014
SAT_45_02
1 90970U 26001A   26149.00000000  .00000000  00000-0  00000-0 0  9996
2 90970  53.2000 220.0000 0001000   0.0000  26.3636 15.11093796000011
SAT_45_03
1 90971U 26001A   26149.00000000  .00000000  00000-0  00000-0 0  9997
2 90971  53.2000 220.0000 0001000   0.0000  42.7273 15.11093796000011
SAT_45_04
1 90972U 26001A   26149.00000000  .00000000  00000-0  00000-0 0  9998
2 90972  53.2000 220.0000 0001000   0.0000  59.0909 15.11093796000019
SAT_45_05
1 90973U 26001A   26149.00000000  .00000000  00000-0  00000-0 0  9999
2 90973  53.2000 220.0000 0001000   0.0000  75.4545 15.11093796000018
SAT_45_06
1 90974U 26001A   26149.00000000  .00000000  00000-0  00000-0 0  9990
2 90974  53.2000 220.0000 0001000   0.0000  91.8182 15.11093796000018
SAT_45_07
1 90975U 26001A   26149.00000000  .00000000  00000-0  00000-0 0  9991
2 90975  53.2000 220.0000 0001000   0.0000 108.1818 15.11093796000017
SAT_45_08
1 90976U 26001A   26149.00000000  .00000000  00000-0  00000-0 0  9992
2 90976  53.2000 220.0000 0001000   0.0000 124.5455 15.11093796000017
SAT_45_09
1 90977U 26001A   26149.00000000  .00000000  00000-0  00000-0 0  9993
2 90977  53.2000 220.0000 0001000   0.0000 140.9091 15.11093796000016
SAT_45_10
1 90978U 26001A   26149.00000000  .00000000  00000-0  00000-0 0  9994
2 90978  53.2000 220.0000 0001000   0.0000 157.2727 15.11093796000014
SAT_45_11
1 90979U 26001A   26149.00000000  .00000000  00000-0  00000-0 0  9995
2 90979  53.2000 220.0000 0001000   0.0000 173.6364 15.11093796000014
SAT_45_12
1 90980U 26001A   26149.00000000  .00000000  00000-0  00000-0 0  9997
2 90980  53.2000 220.0000 0001000   0.0000 190.0000 15.11093796000016
SAT_45_13
1 90981U 26001A   26149.00000000  .00000000  00000-0  00000-0 0  9998
2 90981  53.2000 220.0000 0001000   0.0000 206.3636 15.11093796000013
SAT_45_14
1 90982U 26001A   26149.00000000  .00000000  00000-0  00000-0 0  9999
2 90982  53.2000 220.0000 0001000   0.0000 222.7273 15.11093796000013
SAT_45_15
1 90983U 26001A   26149.00000000  .00000000  00000-0  00000-0 0  9990
2 90983  53.2000 220.0000 0001000   0.0000 239.0909 15.11093796000011
SAT_45_16
1 90984U 26001A   26149.00000000  .00000000  00000-0  00000-0 0  9991
2 90984  53.2000 220.0000 0001000   0.0000 255.4545 15.11093796000010
SAT_45_17
1 90985U 26001A   26149.00000000  .00000000  00000-0  00000-0 0  9992
2 90985  53.2000 220.0000 0001000   0.0000 271.8182 15.11093796000010
SAT_45_18
1 90986U 26001A   26149.00000000  .00000000  00000-0  00000-0 0  9993
2 90986  53.2000 220.0000 0001000   0.0000 288.1818 15.11093796000018
SAT_45_19
1 90987U 26001A   26149.00000000  .00000000  00000-0  00000-0 0  9994
2 90987  53.2000 220.0000 0001000   0.0000 304.5455 15.11093796000019
SAT_45_20
1 90988U 26001A   26149.00000000  .00000000  00000-0  00000-0 0  9995
2 90988  53.2000 220.0000 0001000   0.0000 320.9091 15.11093796000018
SAT_45_21
1 90989U 26001A   26149.00000000  .00000000  00000-0  00000-0 0  9996
2 90989  53.2000 220.0000 0001000   0.0000 337.2727 15.11093796000016
SAT_45_22
1 90990U 26001A   26149.00000000  .00000000  00000-0  00000-0 0  9998
2 90990  53.2000 220.0000 0001000   0.0000 353.6364 15.11093796000017
SAT_46_01
1 90991U 26001A   26149.00000000  .00000000  00000-0  00000-0 0  9999
2 90991  53.2000 225.0000 0001000   0.0000  10.2273 15.11093796000018
SAT_46_02
1 90992U 26001A   26149.00000000  .00000000  00000-0  00000-0 0  9990
2 90992  53.2000 225.0000 0001000   0.0000  26.5909 15.11093796000015
SAT_46_03
1 90993U 26001A   26149.00000000  .00000000  00000-0  00000-0 0  9991
2 90993  53.2000 225.0000 0001000   0.0000  42.9545 15.11093796000014
SAT_46_04
1 90994U 26001A   26149.00000000  .00000000  00000-0  00000-0 0  9992
2 90994  53.2000 225.0000 0001000   0.0000  59.3182 15.11093796000014
SAT_46_05
1 90995U 26001A   26149.00000000  .00000000  00000-0  00000-0 0  9993
2 90995  53.2000 225.0000 0001000   0.0000  75.6818 15.11093796000012
SAT_46_06
1 90996U 26001A   26149.00000000  .00000000  00000-0  00000-0 0  9994
2 90996  53.2000 225.0000 0001000   0.0000  92.0455 15.11093796000013
SAT_46_07
1 90997U 26001A   26149.00000000  .00000000  00000-0  00000-0 0  9995
2 90997  53.2000 225.0000 0001000   0.0000 108.4091 15.11093796000012
SAT_46_08
1 90998U 26001A   26149.00000000  .00000000  00000-0  00000-0 0  9996
2 90998  53.2000 225.0000 0001000   0.0000 124.7727 15.11093796000010
SAT_46_09
1 90999U 26001A   26149.00000000  .00000000  00000-0  00000-0 0  9997
2 90999  53.2000 225.0000 0001000   0.0000 141.1364 15.11093796000011
SAT_46_10
1 91000U 26001A   26149.00000000  .00000000  00000-0  00000-0 0  9991
2 91000  53.2000 225.0000 0001000   0.0000 157.5000 15.11093796000013
SAT_46_11
1 91001U 26001A   26149.00000000  .00000000  00000-0  00000-0 0  9992
2 91001  53.2000 225.0000 0001000   0.0000 173.8636 15.11093796000010
SAT_46_12
1 91002U 26001A   26149.00000000  .00000000  00000-0  00000-0 0  9993
2 91002  53.2000 225.0000 0001000   0.0000 190.2273 15.11093796000011
SAT_46_13
1 91003U 26001A   26149.00000000  .00000000  00000-0  00000-0 0  9994
2 91003  53.2000 225.0000 0001000   0.0000 206.5909 15.11093796000019
SAT_46_14
1 91004U 26001A   26149.00000000  .00000000  00000-0  00000-0 0  9995
2 91004  53.2000 225.0000 0001000   0.0000 222.9545 15.11093796000018
SAT_46_15
1 91005U 26001A   26149.00000000  .00000000  00000-0  00000-0 0  9996
2 91005  53.2000 225.0000 0001000   0.0000 239.3182 15.11093796000018
SAT_46_16
1 91006U 26001A   26149.00000000  .00000000  00000-0  00000-0 0  9997
2 91006  53.2000 225.0000 0001000   0.0000 255.6818 15.11093796000016
SAT_46_17
1 91007U 26001A   26149.00000000  .00000000  00000-0  00000-0 0  9998
2 91007  53.2000 225.0000 0001000   0.0000 272.0455 15.11093796000017
SAT_46_18
1 91008U 26001A   26149.00000000  .00000000  00000-0  00000-0 0  9999
2 91008  53.2000 225.0000 0001000   0.0000 288.4091 15.11093796000015
SAT_46_19
1 91009U 26001A   26149.00000000  .00000000  00000-0  00000-0 0  9990
2 91009  53.2000 225.0000 0001000   0.0000 304.7727 15.11093796000014
SAT_46_20
1 91010U 26001A   26149.00000000  .00000000  00000-0  00000-0 0  9992
2 91010  53.2000 225.0000 0001000   0.0000 321.1364 15.11093796000016
SAT_46_21
1 91011U 26001A   26149.00000000  .00000000  00000-0  00000-0 0  9993
2 91011  53.2000 225.0000 0001000   0.0000 337.5000 15.11093796000015
SAT_46_22
1 91012U 26001A   26149.00000000  .00000000  00000-0  00000-0 0  9994
2 91012  53.2000 225.0000 0001000   0.0000 353.8636 15.11093796000012
SAT_47_01
1 91013U 26001A   26149.00000000  .00000000  00000-0  00000-0 0  9995
2 91013  53.2000 230.0000 0001000   0.0000  10.4545 15.11093796000014
SAT_47_02
1 91014U 26001A   26149.00000000  .00000000  00000-0  00000-0 0  9996
2 91014  53.2000 230.0000 0001000   0.0000  26.8182 15.11093796000013
SAT_47_03
1 91015U 26001A   26149.00000000  .00000000  00000-0  00000-0 0  9997
2 91015  53.2000 230.0000 0001000   0.0000  43.1818 15.11093796000012
SAT_47_04
1 91016U 26001A   26149.00000000  .00000000  00000-0  00000-0 0  9998
2 91016  53.2000 230.0000 0001000   0.0000  59.5455 15.11093796000011
SAT_47_05
1 91017U 26001A   26149.00000000  .00000000  00000-0  00000-0 0  9999
2 91017  53.2000 230.0000 0001000   0.0000  75.9091 15.11093796000010
SAT_47_06
1 91018U 26001A   26149.00000000  .00000000  00000-0  00000-0 0  9990
2 91018  53.2000 230.0000 0001000   0.0000  92.2727 15.11093796000019
SAT_47_07
1 91019U 26001A   26149.00000000  .00000000  00000-0  00000-0 0  9991
2 91019  53.2000 230.0000 0001000   0.0000 108.6364 15.11093796000019
SAT_47_08
1 91020U 26001A   26149.00000000  .00000000  00000-0  00000-0 0  9993
2 91020  53.2000 230.0000 0001000   0.0000 125.0000 15.11093796000011
SAT_47_09
1 91021U 26001A   26149.00000000  .00000000  00000-0  00000-0 0  9994
2 91021  53.2000 230.0000 0001000   0.0000 141.3636 15.11093796000018
SAT_47_10
1 91022U 26001A   26149.00000000  .00000000  00000-0  00000-0 0  9995
2 91022  53.2000 230.0000 0001000   0.0000 157.7273 15.11093796000017
SAT_47_11
1 91023U 26001A   26149.00000000  .00000000  00000-0  00000-0 0  9996
2 91023  53.2000 230.0000 0001000   0.0000 174.0909 15.11093796000016
SAT_47_12
1 91024U 26001A   26149.00000000  .00000000  00000-0  00000-0 0  9997
2 91024  53.2000 230.0000 0001000   0.0000 190.4545 15.11093796000015
SAT_47_13
1 91025U 26001A   26149.00000000  .00000000  00000-0  00000-0 0  9998
2 91025  53.2000 230.0000 0001000   0.0000 206.8182 15.11093796000015
SAT_47_14
1 91026U 26001A   26149.00000000  .00000000  00000-0  00000-0 0  9999
2 91026  53.2000 230.0000 0001000   0.0000 223.1818 15.11093796000014
SAT_47_15
1 91027U 26001A   26149.00000000  .00000000  00000-0  00000-0 0  9990
2 91027  53.2000 230.0000 0001000   0.0000 239.5455 15.11093796000013
SAT_47_16
1 91028U 26001A   26149.00000000  .00000000  00000-0  00000-0 0  9991
2 91028  53.2000 230.0000 0001000   0.0000 255.9091 15.11093796000012
SAT_47_17
1 91029U 26001A   26149.00000000  .00000000  00000-0  00000-0 0  9992
2 91029  53.2000 230.0000 0001000   0.0000 272.2727 15.11093796000011
SAT_47_18
1 91030U 26001A   26149.00000000  .00000000  00000-0  00000-0 0  9994
2 91030  53.2000 230.0000 0001000   0.0000 288.6364 15.11093796000011
SAT_47_19
1 91031U 26001A   26149.00000000  .00000000  00000-0  00000-0 0  9995
2 91031  53.2000 230.0000 0001000   0.0000 305.0000 15.11093796000013
SAT_47_20
1 91032U 26001A   26149.00000000  .00000000  00000-0  00000-0 0  9996
2 91032  53.2000 230.0000 0001000   0.0000 321.3636 15.11093796000010
SAT_47_21
1 91033U 26001A   26149.00000000  .00000000  00000-0  00000-0 0  9997
2 91033  53.2000 230.0000 0001000   0.0000 337.7273 15.11093796000019
SAT_47_22
1 91034U 26001A   26149.00000000  .00000000  00000-0  00000-0 0  9998
2 91034  53.2000 230.0000 0001000   0.0000 354.0909 15.11093796000018
SAT_48_01
1 91035U 26001A   26149.00000000  .00000000  00000-0  00000-0 0  9999
2 91035  53.2000 235.0000 0001000   0.0000  10.6818 15.11093796000018
SAT_48_02
1 91036U 26001A   26149.00000000  .00000000  00000-0  00000-0 0  9990
2 91036  53.2000 235.0000 0001000   0.0000  27.0455 15.11093796000018
SAT_48_03
1 91037U 26001A   26149.00000000  .00000000  00000-0  00000-0 0  9991
2 91037  53.2000 235.0000 0001000   0.0000  43.4091 15.11093796000017
SAT_48_04
1 91038U 26001A   26149.00000000  .00000000  00000-0  00000-0 0  9992
2 91038  53.2000 235.0000 0001000   0.0000  59.7727 15.11093796000014
SAT_48_05
1 91039U 26001A   26149.00000000  .00000000  00000-0  00000-0 0  9993
2 91039  53.2000 235.0000 0001000   0.0000  76.1364 15.11093796000015
SAT_48_06
1 91040U 26001A   26149.00000000  .00000000  00000-0  00000-0 0  9995
2 91040  53.2000 235.0000 0001000   0.0000  92.5000 15.11093796000016
SAT_48_07
1 91041U 26001A   26149.00000000  .00000000  00000-0  00000-0 0  9996
2 91041  53.2000 235.0000 0001000   0.0000 108.8636 15.11093796000013
SAT_48_08
1 91042U 26001A   26149.00000000  .00000000  00000-0  00000-0 0  9997
2 91042  53.2000 235.0000 0001000   0.0000 125.2273 15.11093796000014
SAT_48_09
1 91043U 26001A   26149.00000000  .00000000  00000-0  00000-0 0  9998
2 91043  53.2000 235.0000 0001000   0.0000 141.5909 15.11093796000012
SAT_48_10
1 91044U 26001A   26149.00000000  .00000000  00000-0  00000-0 0  9999
2 91044  53.2000 235.0000 0001000   0.0000 157.9545 15.11093796000010
SAT_48_11
1 91045U 26001A   26149.00000000  .00000000  00000-0  00000-0 0  9990
2 91045  53.2000 235.0000 0001000   0.0000 174.3182 15.11093796000011
SAT_48_12
1 91046U 26001A   26149.00000000  .00000000  00000-0  00000-0 0  9991
2 91046  53.2000 235.0000 0001000   0.0000 190.6818 15.11093796000019
SAT_48_13
1 91047U 26001A   26149.00000000  .00000000  00000-0  00000-0 0  9992
2 91047  53.2000 235.0000 0001000   0.0000 207.0455 15.11093796000010
SAT_48_14
1 91048U 26001A   26149.00000000  .00000000  00000-0  00000-0 0  9993
2 91048  53.2000 235.0000 0001000   0.0000 223.4091 15.11093796000019
SAT_48_15
1 91049U 26001A   26149.00000000  .00000000  00000-0  00000-0 0  9994
2 91049  53.2000 235.0000 0001000   0.0000 239.7727 15.11093796000016
SAT_48_16
1 91050U 26001A   26149.00000000  .00000000  00000-0  00000-0 0  9996
2 91050  53.2000 235.0000 0001000   0.0000 256.1364 15.11093796000018
SAT_48_17
1 91051U 26001A   26149.00000000  .00000000  00000-0  00000-0 0  9997
2 91051  53.2000 235.0000 0001000   0.0000 272.5000 15.11093796000018
SAT_48_18
1 91052U 26001A   26149.00000000  .00000000  00000-0  00000-0 0  9998
2 91052  53.2000 235.0000 0001000   0.0000 288.8636 15.11093796000014
SAT_48_19
1 91053U 26001A   26149.00000000  .00000000  00000-0  00000-0 0  9999
2 91053  53.2000 235.0000 0001000   0.0000 305.2273 15.11093796000016
SAT_48_20
1 91054U 26001A   26149.00000000  .00000000  00000-0  00000-0 0  9990
2 91054  53.2000 235.0000 0001000   0.0000 321.5909 15.11093796000014
SAT_48_21
1 91055U 26001A   26149.00000000  .00000000  00000-0  00000-0 0  9991
2 91055  53.2000 235.0000 0001000   0.0000 337.9545 15.11093796000012
SAT_48_22
1 91056U 26001A   26149.00000000  .00000000  00000-0  00000-0 0  9992
2 91056  53.2000 235.0000 0001000   0.0000 354.3182 15.11093796000013
SAT_49_01
1 91057U 26001A   26149.00000000  .00000000  00000-0  00000-0 0  9993
2 91057  53.2000 240.0000 0001000   0.0000  10.9091 15.11093796000014
SAT_49_02
1 91058U 26001A   26149.00000000  .00000000  00000-0  00000-0 0  9994
2 91058  53.2000 240.0000 0001000   0.0000  27.2727 15.11093796000012
SAT_49_03
1 91059U 26001A   26149.00000000  .00000000  00000-0  00000-0 0  9995
2 91059  53.2000 240.0000 0001000   0.0000  43.6364 15.11093796000012
SAT_49_04
1 91060U 26001A   26149.00000000  .00000000  00000-0  00000-0 0  9997
2 91060  53.2000 240.0000 0001000   0.0000  60.0000 15.11093796000014
SAT_49_05
1 91061U 26001A   26149.00000000  .00000000  00000-0  00000-0 0  9998
2 91061  53.2000 240.0000 0001000   0.0000  76.3636 15.11093796000010
SAT_49_06
1 91062U 26001A   26149.00000000  .00000000  00000-0  00000-0 0  9999
2 91062  53.2000 240.0000 0001000   0.0000  92.7273 15.11093796000010
SAT_49_07
1 91063U 26001A   26149.00000000  .00000000  00000-0  00000-0 0  9990
2 91063  53.2000 240.0000 0001000   0.0000 109.0909 15.11093796000019
SAT_49_08
1 91064U 26001A   26149.00000000  .00000000  00000-0  00000-0 0  9991
2 91064  53.2000 240.0000 0001000   0.0000 125.4545 15.11093796000018
SAT_49_09
1 91065U 26001A   26149.00000000  .00000000  00000-0  00000-0 0  9992
2 91065  53.2000 240.0000 0001000   0.0000 141.8182 15.11093796000018
SAT_49_10
1 91066U 26001A   26149.00000000  .00000000  00000-0  00000-0 0  9993
2 91066  53.2000 240.0000 0001000   0.0000 158.1818 15.11093796000016
SAT_49_11
1 91067U 26001A   26149.00000000  .00000000  00000-0  00000-0 0  9994
2 91067  53.2000 240.0000 0001000   0.0000 174.5455 15.11093796000016
SAT_49_12
1 91068U 26001A   26149.00000000  .00000000  00000-0  00000-0 0  9995
2 91068  53.2000 240.0000 0001000   0.0000 190.9091 15.11093796000015
SAT_49_13
1 91069U 26001A   26149.00000000  .00000000  00000-0  00000-0 0  9996
2 91069  53.2000 240.0000 0001000   0.0000 207.2727 15.11093796000014
SAT_49_14
1 91070U 26001A   26149.00000000  .00000000  00000-0  00000-0 0  9998
2 91070  53.2000 240.0000 0001000   0.0000 223.6364 15.11093796000015
SAT_49_15
1 91071U 26001A   26149.00000000  .00000000  00000-0  00000-0 0  9999
2 91071  53.2000 240.0000 0001000   0.0000 240.0000 15.11093796000016
SAT_49_16
1 91072U 26001A   26149.00000000  .00000000  00000-0  00000-0 0  9990
2 91072  53.2000 240.0000 0001000   0.0000 256.3636 15.11093796000012
SAT_49_17
1 91073U 26001A   26149.00000000  .00000000  00000-0  00000-0 0  9991
2 91073  53.2000 240.0000 0001000   0.0000 272.7273 15.11093796000012
SAT_49_18
1 91074U 26001A   26149.00000000  .00000000  00000-0  00000-0 0  9992
2 91074  53.2000 240.0000 0001000   0.0000 289.0909 15.11093796000010
SAT_49_19
1 91075U 26001A   26149.00000000  .00000000  00000-0  00000-0 0  9993
2 91075  53.2000 240.0000 0001000   0.0000 305.4545 15.11093796000010
SAT_49_20
1 91076U 26001A   26149.00000000  .00000000  00000-0  00000-0 0  9994
2 91076  53.2000 240.0000 0001000   0.0000 321.8182 15.11093796000010
SAT_49_21
1 91077U 26001A   26149.00000000  .00000000  00000-0  00000-0 0  9995
2 91077  53.2000 240.0000 0001000   0.0000 338.1818 15.11093796000018
SAT_49_22
1 91078U 26001A   26149.00000000  .00000000  00000-0  00000-0 0  9996
2 91078  53.2000 240.0000 0001000   0.0000 354.5455 15.11093796000018
SAT_50_01
1 91079U 26001A   26149.00000000  .00000000  00000-0  00000-0 0  9997
2 91079  53.2000 245.0000 0001000   0.0000  11.1364 15.11093796000019
SAT_50_02
1 91080U 26001A   26149.00000000  .00000000  00000-0  00000-0 0  9999
2 91080  53.2000 245.0000 0001000   0.0000  27.5000 15.11093796000019
SAT_50_03
1 91081U 26001A   26149.00000000  .00000000  00000-0  00000-0 0  9990
2 91081  53.2000 245.0000 0001000   0.0000  43.8636 15.11093796000016
SAT_50_04
1 91082U 26001A   26149.00000000  .00000000  00000-0  00000-0 0  9991
2 91082  53.2000 245.0000 0001000   0.0000  60.2273 15.11093796000017
SAT_50_05
1 91083U 26001A   26149.00000000  .00000000  00000-0  00000-0 0  9992
2 91083  53.2000 245.0000 0001000   0.0000  76.5909 15.11093796000014
SAT_50_06
1 91084U 26001A   26149.00000000  .00000000  00000-0  00000-0 0  9993
2 91084  53.2000 245.0000 0001000   0.0000  92.9545 15.11093796000013
SAT_50_07
1 91085U 26001A   26149.00000000  .00000000  00000-0  00000-0 0  9994
2 91085  53.2000 245.0000 0001000   0.0000 109.3182 15.11093796000014
SAT_50_08
1 91086U 26001A   26149.00000000  .00000000  00000-0  00000-0 0  9995
2 91086  53.2000 245.0000 0001000   0.0000 125.6818 15.11093796000012
SAT_50_09
1 91087U 26001A   26149.00000000  .00000000  00000-0  00000-0 0  9996
2 91087  53.2000 245.0000 0001000   0.0000 142.0455 15.11093796000013
SAT_50_10
1 91088U 26001A   26149.00000000  .00000000  00000-0  00000-0 0  9997
2 91088  53.2000 245.0000 0001000   0.0000 158.4091 15.11093796000011
SAT_50_11
1 91089U 26001A   26149.00000000  .00000000  00000-0  00000-0 0  9998
2 91089  53.2000 245.0000 0001000   0.0000 174.7727 15.11093796000019
SAT_50_12
1 91090U 26001A   26149.00000000  .00000000  00000-0  00000-0 0  9990
2 91090  53.2000 245.0000 0001000   0.0000 191.1364 15.11093796000011
SAT_50_13
1 91091U 26001A   26149.00000000  .00000000  00000-0  00000-0 0  9991
2 91091  53.2000 245.0000 0001000   0.0000 207.5000 15.11093796000011
SAT_50_14
1 91092U 26001A   26149.00000000  .00000000  00000-0  00000-0 0  9992
2 91092  53.2000 245.0000 0001000   0.0000 223.8636 15.11093796000018
SAT_50_15
1 91093U 26001A   26149.00000000  .00000000  00000-0  00000-0 0  9993
2 91093  53.2000 245.0000 0001000   0.0000 240.2273 15.11093796000019
SAT_50_16
1 91094U 26001A   26149.00000000  .00000000  00000-0  00000-0 0  9994
2 91094  53.2000 245.0000 0001000   0.0000 256.5909 15.11093796000016
SAT_50_17
1 91095U 26001A   26149.00000000  .00000000  00000-0  00000-0 0  9995
2 91095  53.2000 245.0000 0001000   0.0000 272.9545 15.11093796000015
SAT_50_18
1 91096U 26001A   26149.00000000  .00000000  00000-0  00000-0 0  9996
2 91096  53.2000 245.0000 0001000   0.0000 289.3182 15.11093796000015
SAT_50_19
1 91097U 26001A   26149.00000000  .00000000  00000-0  00000-0 0  9997
2 91097  53.2000 245.0000 0001000   0.0000 305.6818 15.11093796000014
SAT_50_20
1 91098U 26001A   26149.00000000  .00000000  00000-0  00000-0 0  9998
2 91098  53.2000 245.0000 0001000   0.0000 322.0455 15.11093796000015
SAT_50_21
1 91099U 26001A   26149.00000000  .00000000  00000-0  00000-0 0  9999
2 91099  53.2000 245.0000 0001000   0.0000 338.4091 15.11093796000013
SAT_50_22
1 91100U 26001A   26149.00000000  .00000000  00000-0  00000-0 0  9992
2 91100  53.2000 245.0000 0001000   0.0000 354.7727 15.11093796000013
SAT_51_01
1 91101U 26001A   26149.00000000  .00000000  00000-0  00000-0 0  9993
2 91101  53.2000 250.0000 0001000   0.0000  11.3636 15.11093796000015
SAT_51_02
1 91102U 26001A   26149.00000000  .00000000  00000-0  00000-0 0  9994
2 91102  53.2000 250.0000 0001000   0.0000  27.7273 15.11093796000014
SAT_51_03
1 91103U 26001A   26149.00000000  .00000000  00000-0  00000-0 0  9995
2 91103  53.2000 250.0000 0001000   0.0000  44.0909 15.11093796000013
SAT_51_04
1 91104U 26001A   26149.00000000  .00000000  00000-0  00000-0 0  9996
2 91104  53.2000 250.0000 0001000   0.0000  60.4545 15.11093796000012
SAT_51_05
1 91105U 26001A   26149.00000000  .00000000  00000-0  00000-0 0  9997
2 91105  53.2000 250.0000 0001000   0.0000  76.8182 15.11093796000011
SAT_51_06
1 91106U 26001A   26149.00000000  .00000000  00000-0  00000-0 0  9998
2 91106  53.2000 250.0000 0001000   0.0000  93.1818 15.11093796000010
SAT_51_07
1 91107U 26001A   26149.00000000  .00000000  00000-0  00000-0 0  9999
2 91107  53.2000 250.0000 0001000   0.0000 109.5455 15.11093796000010
SAT_51_08
1 91108U 26001A   26149.00000000  .00000000  00000-0  00000-0 0  9990
2 91108  53.2000 250.0000 0001000   0.0000 125.9091 15.11093796000019
SAT_51_09
1 91109U 26001A   26149.00000000  .00000000  00000-0  00000-0 0  9991
2 91109  53.2000 250.0000 0001000   0.0000 142.2727 15.11093796000018
SAT_51_10
1 91110U 26001A   26149.00000000  .00000000  00000-0  00000-0 0  9993
2 91110  53.2000 250.0000 0001000   0.0000 158.6364 15.11093796000018
SAT_51_11
1 91111U 26001A   26149.00000000  .00000000  00000-0  00000-0 0  9994
2 91111  53.2000 250.0000 0001000   0.0000 175.0000 15.11093796000019
SAT_51_12
1 91112U 26001A   26149.00000000  .00000000  00000-0  00000-0 0  9995
2 91112  53.2000 250.0000 0001000   0.0000 191.3636 15.11093796000016
SAT_51_13
1 91113U 26001A   26149.00000000  .00000000  00000-0  00000-0 0  9996
2 91113  53.2000 250.0000 0001000   0.0000 207.7273 15.11093796000016
SAT_51_14
1 91114U 26001A   26149.00000000  .00000000  00000-0  00000-0 0  9997
2 91114  53.2000 250.0000 0001000   0.0000 224.0909 15.11093796000015
SAT_51_15
1 91115U 26001A   26149.00000000  .00000000  00000-0  00000-0 0  9998
2 91115  53.2000 250.0000 0001000   0.0000 240.4545 15.11093796000014
SAT_51_16
1 91116U 26001A   26149.00000000  .00000000  00000-0  00000-0 0  9999
2 91116  53.2000 250.0000 0001000   0.0000 256.8182 15.11093796000013
SAT_51_17
1 91117U 26001A   26149.00000000  .00000000  00000-0  00000-0 0  9990
2 91117  53.2000 250.0000 0001000   0.0000 273.1818 15.11093796000012
SAT_51_18
1 91118U 26001A   26149.00000000  .00000000  00000-0  00000-0 0  9991
2 91118  53.2000 250.0000 0001000   0.0000 289.5455 15.11093796000011
SAT_51_19
1 91119U 26001A   26149.00000000  .00000000  00000-0  00000-0 0  9992
2 91119  53.2000 250.0000 0001000   0.0000 305.9091 15.11093796000011
SAT_51_20
1 91120U 26001A   26149.00000000  .00000000  00000-0  00000-0 0  9994
2 91120  53.2000 250.0000 0001000   0.0000 322.2727 15.11093796000011
SAT_51_21
1 91121U 26001A   26149.00000000  .00000000  00000-0  00000-0 0  9995
2 91121  53.2000 250.0000 0001000   0.0000 338.6364 15.11093796000010
SAT_51_22
1 91122U 26001A   26149.00000000  .00000000  00000-0  00000-0 0  9996
2 91122  53.2000 250.0000 0001000   0.0000 355.0000 15.11093796000011
SAT_52_01
1 91123U 26001A   26149.00000000  .00000000  00000-0  00000-0 0  9997
2 91123  53.2000 255.0000 0001000   0.0000  11.5909 15.11093796000019
SAT_52_02
1 91124U 26001A   26149.00000000  .00000000  00000-0  00000-0 0  9998
2 91124  53.2000 255.0000 0001000   0.0000  27.9545 15.11093796000017
SAT_52_03
1 91125U 26001A   26149.00000000  .00000000  00000-0  00000-0 0  9999
2 91125  53.2000 255.0000 0001000   0.0000  44.3182 15.11093796000018
SAT_52_04
1 91126U 26001A   26149.00000000  .00000000  00000-0  00000-0 0  9990
2 91126  53.2000 255.0000 0001000   0.0000  60.6818 15.11093796000016
SAT_52_05
1 91127U 26001A   26149.00000000  .00000000  00000-0  00000-0 0  9991
2 91127  53.2000 255.0000 0001000   0.0000  77.0455 15.11093796000016
SAT_52_06
1 91128U 26001A   26149.00000000  .00000000  00000-0  00000-0 0  9992
2 91128  53.2000 255.0000 0001000   0.0000  93.4091 15.11093796000015
SAT_52_07
1 91129U 26001A   26149.00000000  .00000000  00000-0  00000-0 0  9993
2 91129  53.2000 255.0000 0001000   0.0000 109.7727 15.11093796000013
SAT_52_08
1 91130U 26001A   26149.00000000  .00000000  00000-0  00000-0 0  9995
2 91130  53.2000 255.0000 0001000   0.0000 126.1364 15.11093796000015
SAT_52_09
1 91131U 26001A   26149.00000000  .00000000  00000-0  00000-0 0  9996
2 91131  53.2000 255.0000 0001000   0.0000 142.5000 15.11093796000015
SAT_52_10
1 91132U 26001A   26149.00000000  .00000000  00000-0  00000-0 0  9997
2 91132  53.2000 255.0000 0001000   0.0000 158.8636 15.11093796000011
SAT_52_11
1 91133U 26001A   26149.00000000  .00000000  00000-0  00000-0 0  9998
2 91133  53.2000 255.0000 0001000   0.0000 175.2273 15.11093796000012
SAT_52_12
1 91134U 26001A   26149.00000000  .00000000  00000-0  00000-0 0  9999
2 91134  53.2000 255.0000 0001000   0.0000 191.5909 15.11093796000010
SAT_52_13
1 91135U 26001A   26149.00000000  .00000000  00000-0  00000-0 0  9990
2 91135  53.2000 255.0000 0001000   0.0000 207.9545 15.11093796000019
SAT_52_14
1 91136U 26001A   26149.00000000  .00000000  00000-0  00000-0 0  9991
2 91136  53.2000 255.0000 0001000   0.0000 224.3182 15.11093796000010
SAT_52_15
1 91137U 26001A   26149.00000000  .00000000  00000-0  00000-0 0  9992
2 91137  53.2000 255.0000 0001000   0.0000 240.6818 15.11093796000018
SAT_52_16
1 91138U 26001A   26149.00000000  .00000000  00000-0  00000-0 0  9993
2 91138  53.2000 255.0000 0001000   0.0000 257.0455 15.11093796000018
SAT_52_17
1 91139U 26001A   26149.00000000  .00000000  00000-0  00000-0 0  9994
2 91139  53.2000 255.0000 0001000   0.0000 273.4091 15.11093796000017
SAT_52_18
1 91140U 26001A   26149.00000000  .00000000  00000-0  00000-0 0  9996
2 91140  53.2000 255.0000 0001000   0.0000 289.7727 15.11093796000015
SAT_52_19
1 91141U 26001A   26149.00000000  .00000000  00000-0  00000-0 0  9997
2 91141  53.2000 255.0000 0001000   0.0000 306.1364 15.11093796000017
SAT_52_20
1 91142U 26001A   26149.00000000  .00000000  00000-0  00000-0 0  9998
2 91142  53.2000 255.0000 0001000   0.0000 322.5000 15.11093796000017
SAT_52_21
1 91143U 26001A   26149.00000000  .00000000  00000-0  00000-0 0  9999
2 91143  53.2000 255.0000 0001000   0.0000 338.8636 15.11093796000013
SAT_52_22
1 91144U 26001A   26149.00000000  .00000000  00000-0  00000-0 0  9990
2 91144  53.2000 255.0000 0001000   0.0000 355.2273 15.11093796000014
SAT_53_01
1 91145U 26001A   26149.00000000  .00000000  00000-0  00000-0 0  9991
2 91145  53.2000 260.0000 0001000   0.0000  11.8182 15.11093796000015
SAT_53_02
1 91146U 26001A   26149.00000000  .00000000  00000-0  00000-0 0  9992
2 91146  53.2000 260.0000 0001000   0.0000  28.1818 15.11093796000013
SAT_53_03
1 91147U 26001A   26149.00000000  .00000000  00000-0  00000-0 0  9993
2 91147  53.2000 260.0000 0001000   0.0000  44.5455 15.11093796000013
SAT_53_04
1 91148U 26001A   26149.00000000  .00000000  00000-0  00000-0 0  9994
2 91148  53.2000 260.0000 0001000   0.0000  60.9091 15.11093796000012
SAT_53_05
1 91149U 26001A   26149.00000000  .00000000  00000-0  00000-0 0  9995
2 91149  53.2000 260.0000 0001000   0.0000  77.2727 15.11093796000010
SAT_53_06
1 91150U 26001A   26149.00000000  .00000000  00000-0  00000-0 0  9997
2 91150  53.2000 260.0000 0001000   0.0000  93.6364 15.11093796000011
SAT_53_07
1 91151U 26001A   26149.00000000  .00000000  00000-0  00000-0 0  9998
2 91151  53.2000 260.0000 0001000   0.0000 110.0000 15.11093796000013
SAT_53_08
1 91152U 26001A   26149.00000000  .00000000  00000-0  00000-0 0  9999
2 91152  53.2000 260.0000 0001000   0.0000 126.3636 15.11093796000019
SAT_53_09
1 91153U 26001A   26149.00000000  .00000000  00000-0  00000-0 0  9990
2 91153  53.2000 260.0000 0001000   0.0000 142.7273 15.11093796000019
SAT_53_10
1 91154U 26001A   26149.00000000  .00000000  00000-0  00000-0 0  9991
2 91154  53.2000 260.0000 0001000   0.0000 159.0909 15.11093796000017
SAT_53_11
1 91155U 26001A   26149.00000000  .00000000  00000-0  00000-0 0  9992
2 91155  53.2000 260.0000 0001000   0.0000 175.4545 15.11093796000016
SAT_53_12
1 91156U 26001A   26149.00000000  .00000000  00000-0  00000-0 0  9993
2 91156  53.2000 260.0000 0001000   0.0000 191.8182 15.11093796000016
SAT_53_13
1 91157U 26001A   26149.00000000  .00000000  00000-0  00000-0 0  9994
2 91157  53.2000 260.0000 0001000   0.0000 208.1818 15.11093796000015
SAT_53_14
1 91158U 26001A   26149.00000000  .00000000  00000-0  00000-0 0  9995
2 91158  53.2000 260.0000 0001000   0.0000 224.5455 15.11093796000015
SAT_53_15
1 91159U 26001A   26149.00000000  .00000000  00000-0  00000-0 0  9996
2 91159  53.2000 260.0000 0001000   0.0000 240.9091 15.11093796000014
SAT_53_16
1 91160U 26001A   26149.00000000  .00000000  00000-0  00000-0 0  9998
2 91160  53.2000 260.0000 0001000   0.0000 257.2727 15.11093796000013
SAT_53_17
1 91161U 26001A   26149.00000000  .00000000  00000-0  00000-0 0  9999
2 91161  53.2000 260.0000 0001000   0.0000 273.6364 15.11093796000013
SAT_53_18
1 91162U 26001A   26149.00000000  .00000000  00000-0  00000-0 0  9990
2 91162  53.2000 260.0000 0001000   0.0000 290.0000 15.11093796000014
SAT_53_19
1 91163U 26001A   26149.00000000  .00000000  00000-0  00000-0 0  9991
2 91163  53.2000 260.0000 0001000   0.0000 306.3636 15.11093796000011
SAT_53_20
1 91164U 26001A   26149.00000000  .00000000  00000-0  00000-0 0  9992
2 91164  53.2000 260.0000 0001000   0.0000 322.7273 15.11093796000011
SAT_53_21
1 91165U 26001A   26149.00000000  .00000000  00000-0  00000-0 0  9993
2 91165  53.2000 260.0000 0001000   0.0000 339.0909 15.11093796000019
SAT_53_22
1 91166U 26001A   26149.00000000  .00000000  00000-0  00000-0 0  9994
2 91166  53.2000 260.0000 0001000   0.0000 355.4545 15.11093796000018
SAT_54_01
1 91167U 26001A   26149.00000000  .00000000  00000-0  00000-0 0  9995
2 91167  53.2000 265.0000 0001000   0.0000  12.0455 15.11093796000010
SAT_54_02
1 91168U 26001A   26149.00000000  .00000000  00000-0  00000-0 0  9996
2 91168  53.2000 265.0000 0001000   0.0000  28.4091 15.11093796000018
SAT_54_03
1 91169U 26001A   26149.00000000  .00000000  00000-0  00000-0 0  9997
2 91169  53.2000 265.0000 0001000   0.0000  44.7727 15.11093796000016
SAT_54_04
1 91170U 26001A   26149.00000000  .00000000  00000-0  00000-0 0  9999
2 91170  53.2000 265.0000 0001000   0.0000  61.1364 15.11093796000018
SAT_54_05
1 91171U 26001A   26149.00000000  .00000000  00000-0  00000-0 0  9990
2 91171  53.2000 265.0000 0001000   0.0000  77.5000 15.11093796000017
SAT_54_06
1 91172U 26001A   26149.00000000  .00000000  00000-0  00000-0 0  9991
2 91172  53.2000 265.0000 0001000   0.0000  93.8636 15.11093796000014
SAT_54_07
1 91173U 26001A   26149.00000000  .00000000  00000-0  00000-0 0  9992
2 91173  53.2000 265.0000 0001000   0.0000 110.2273 15.11093796000016
SAT_54_08
1 91174U 26001A   26149.00000000  .00000000  00000-0  00000-0 0  9993
2 91174  53.2000 265.0000 0001000   0.0000 126.5909 15.11093796000013
SAT_54_09
1 91175U 26001A   26149.00000000  .00000000  00000-0  00000-0 0  9994
2 91175  53.2000 265.0000 0001000   0.0000 142.9545 15.11093796000012
SAT_54_10
1 91176U 26001A   26149.00000000  .00000000  00000-0  00000-0 0  9995
2 91176  53.2000 265.0000 0001000   0.0000 159.3182 15.11093796000012
SAT_54_11
1 91177U 26001A   26149.00000000  .00000000  00000-0  00000-0 0  9996
2 91177  53.2000 265.0000 0001000   0.0000 175.6818 15.11093796000010
SAT_54_12
1 91178U 26001A   26149.00000000  .00000000  00000-0  00000-0 0  9997
2 91178  53.2000 265.0000 0001000   0.0000 192.0455 15.11093796000011
SAT_54_13
1 91179U 26001A   26149.00000000  .00000000  00000-0  00000-0 0  9998
2 91179  53.2000 265.0000 0001000   0.0000 208.4091 15.11093796000010
SAT_54_14
1 91180U 26001A   26149.00000000  .00000000  00000-0  00000-0 0  9990
2 91180  53.2000 265.0000 0001000   0.0000 224.7727 15.11093796000019
SAT_54_15
1 91181U 26001A   26149.00000000  .00000000  00000-0  00000-0 0  9991
2 91181  53.2000 265.0000 0001000   0.0000 241.1364 15.11093796000010
SAT_54_16
1 91182U 26001A   26149.00000000  .00000000  00000-0  00000-0 0  9992
2 91182  53.2000 265.0000 0001000   0.0000 257.5000 15.11093796000019
SAT_54_17
1 91183U 26001A   26149.00000000  .00000000  00000-0  00000-0 0  9993
2 91183  53.2000 265.0000 0001000   0.0000 273.8636 15.11093796000016
SAT_54_18
1 91184U 26001A   26149.00000000  .00000000  00000-0  00000-0 0  9994
2 91184  53.2000 265.0000 0001000   0.0000 290.2273 15.11093796000017
SAT_54_19
1 91185U 26001A   26149.00000000  .00000000  00000-0  00000-0 0  9995
2 91185  53.2000 265.0000 0001000   0.0000 306.5909 15.11093796000015
SAT_54_20
1 91186U 26001A   26149.00000000  .00000000  00000-0  00000-0 0  9996
2 91186  53.2000 265.0000 0001000   0.0000 322.9545 15.11093796000014
SAT_54_21
1 91187U 26001A   26149.00000000  .00000000  00000-0  00000-0 0  9997
2 91187  53.2000 265.0000 0001000   0.0000 339.3182 15.11093796000014
SAT_54_22
1 91188U 26001A   26149.00000000  .00000000  00000-0  00000-0 0  9998
2 91188  53.2000 265.0000 0001000   0.0000 355.6818 15.11093796000012
SAT_55_01
1 91189U 26001A   26149.00000000  .00000000  00000-0  00000-0 0  9999
2 91189  53.2000 270.0000 0001000   0.0000  12.2727 15.11093796000014
SAT_55_02
1 91190U 26001A   26149.00000000  .00000000  00000-0  00000-0 0  9991
2 91190  53.2000 270.0000 0001000   0.0000  28.6364 15.11093796000014
SAT_55_03
1 91191U 26001A   26149.00000000  .00000000  00000-0  00000-0 0  9992
2 91191  53.2000 270.0000 0001000   0.0000  45.0000 15.11093796000015
SAT_55_04
1 91192U 26001A   26149.00000000  .00000000  00000-0  00000-0 0  9993
2 91192  53.2000 270.0000 0001000   0.0000  61.3636 15.11093796000012
SAT_55_05
1 91193U 26001A   26149.00000000  .00000000  00000-0  00000-0 0  9994
2 91193  53.2000 270.0000 0001000   0.0000  77.7273 15.11093796000011
SAT_55_06
1 91194U 26001A   26149.00000000  .00000000  00000-0  00000-0 0  9995
2 91194  53.2000 270.0000 0001000   0.0000  94.0909 15.11093796000010
SAT_55_07
1 91195U 26001A   26149.00000000  .00000000  00000-0  00000-0 0  9996
2 91195  53.2000 270.0000 0001000   0.0000 110.4545 15.11093796000010
SAT_55_08
1 91196U 26001A   26149.00000000  .00000000  00000-0  00000-0 0  9997
2 91196  53.2000 270.0000 0001000   0.0000 126.8182 15.11093796000019
SAT_55_09
1 91197U 26001A   26149.00000000  .00000000  00000-0  00000-0 0  9998
2 91197  53.2000 270.0000 0001000   0.0000 143.1818 15.11093796000018
SAT_55_10
1 91198U 26001A   26149.00000000  .00000000  00000-0  00000-0 0  9999
2 91198  53.2000 270.0000 0001000   0.0000 159.5455 15.11093796000017
SAT_55_11
1 91199U 26001A   26149.00000000  .00000000  00000-0  00000-0 0  9990
2 91199  53.2000 270.0000 0001000   0.0000 175.9091 15.11093796000016
SAT_55_12
1 91200U 26001A   26149.00000000  .00000000  00000-0  00000-0 0  9993
2 91200  53.2000 270.0000 0001000   0.0000 192.2727 15.11093796000017
SAT_55_13
1 91201U 26001A   26149.00000000  .00000000  00000-0  00000-0 0  9994
2 91201  53.2000 270.0000 0001000   0.0000 208.6364 15.11093796000017
SAT_55_14
1 91202U 26001A   26149.00000000  .00000000  00000-0  00000-0 0  9995
2 91202  53.2000 270.0000 0001000   0.0000 225.0000 15.11093796000018
SAT_55_15
1 91203U 26001A   26149.00000000  .00000000  00000-0  00000-0 0  9996
2 91203  53.2000 270.0000 0001000   0.0000 241.3636 15.11093796000015
SAT_55_16
1 91204U 26001A   26149.00000000  .00000000  00000-0  00000-0 0  9997
2 91204  53.2000 270.0000 0001000   0.0000 257.7273 15.11093796000014
SAT_55_17
1 91205U 26001A   26149.00000000  .00000000  00000-0  00000-0 0  9998
2 91205  53.2000 270.0000 0001000   0.0000 274.0909 15.11093796000013
SAT_55_18
1 91206U 26001A   26149.00000000  .00000000  00000-0  00000-0 0  9999
2 91206  53.2000 270.0000 0001000   0.0000 290.4545 15.11093796000012
SAT_55_19
1 91207U 26001A   26149.00000000  .00000000  00000-0  00000-0 0  9990
2 91207  53.2000 270.0000 0001000   0.0000 306.8182 15.11093796000012
SAT_55_20
1 91208U 26001A   26149.00000000  .00000000  00000-0  00000-0 0  9991
2 91208  53.2000 270.0000 0001000   0.0000 323.1818 15.11093796000011
SAT_55_21
1 91209U 26001A   26149.00000000  .00000000  00000-0  00000-0 0  9992
2 91209  53.2000 270.0000 0001000   0.0000 339.5455 15.11093796000010
SAT_55_22
1 91210U 26001A   26149.00000000  .00000000  00000-0  00000-0 0  9994
2 91210  53.2000 270.0000 0001000   0.0000 355.9091 15.11093796000010
SAT_56_01
1 91211U 26001A   26149.00000000  .00000000  00000-0  00000-0 0  9995
2 91211  53.2000 275.0000 0001000   0.0000  12.5000 15.11093796000012
SAT_56_02
1 91212U 26001A   26149.00000000  .00000000  00000-0  00000-0 0  9996
2 91212  53.2000 275.0000 0001000   0.0000  28.8636 15.11093796000018
SAT_56_03
1 91213U 26001A   26149.00000000  .00000000  00000-0  00000-0 0  9997
2 91213  53.2000 275.0000 0001000   0.0000  45.2273 15.11093796000019
SAT_56_04
1 91214U 26001A   26149.00000000  .00000000  00000-0  00000-0 0  9998
2 91214  53.2000 275.0000 0001000   0.0000  61.5909 15.11093796000017
SAT_56_05
1 91215U 26001A   26149.00000000  .00000000  00000-0  00000-0 0  9999
2 91215  53.2000 275.0000 0001000   0.0000  77.9545 15.11093796000015
SAT_56_06
1 91216U 26001A   26149.00000000  .00000000  00000-0  00000-0 0  9990
2 91216  53.2000 275.0000 0001000   0.0000  94.3182 15.11093796000016
SAT_56_07
1 91217U 26001A   26149.00000000  .00000000  00000-0  00000-0 0  9991
2 91217  53.2000 275.0000 0001000   0.0000 110.6818 15.11093796000015
SAT_56_08
1 91218U 26001A   26149.00000000  .00000000  00000-0  00000-0 0  9992
2 91218  53.2000 275.0000 0001000   0.0000 127.0455 15.11093796000015
SAT_56_09
1 91219U 26001A   26149.00000000  .00000000  00000-0  00000-0 0  9993
2 91219  53.2000 275.0000 0001000   0.0000 143.4091 15.11093796000014
SAT_56_10
1 91220U 26001A   26149.00000000  .00000000  00000-0  00000-0 0  9995
2 91220  53.2000 275.0000 0001000   0.0000 159.7727 15.11093796000012
SAT_56_11
1 91221U 26001A   26149.00000000  .00000000  00000-0  00000-0 0  9996
2 91221  53.2000 275.0000 0001000   0.0000 176.1364 15.11093796000013
SAT_56_12
1 91222U 26001A   26149.00000000  .00000000  00000-0  00000-0 0  9997
2 91222  53.2000 275.0000 0001000   0.0000 192.5000 15.11093796000013
SAT_56_13
1 91223U 26001A   26149.00000000  .00000000  00000-0  00000-0 0  9998
2 91223  53.2000 275.0000 0001000   0.0000 208.8636 15.11093796000010
SAT_56_14
1 91224U 26001A   26149.00000000  .00000000  00000-0  00000-0 0  9999
2 91224  53.2000 275.0000 0001000   0.0000 225.2273 15.11093796000011
SAT_56_15
1 91225U 26001A   26149.00000000  .00000000  00000-0  00000-0 0  9990
2 91225  53.2000 275.0000 0001000   0.0000 241.5909 15.11093796000019
SAT_56_16
1 91226U 26001A   26149.00000000  .00000000  00000-0  00000-0 0  9991
2 91226  53.2000 275.0000 0001000   0.0000 257.9545 15.11093796000017
SAT_56_17
1 91227U 26001A   26149.00000000  .00000000  00000-0  00000-0 0  9992
2 91227  53.2000 275.0000 0001000   0.0000 274.3182 15.11093796000018
SAT_56_18
1 91228U 26001A   26149.00000000  .00000000  00000-0  00000-0 0  9993
2 91228  53.2000 275.0000 0001000   0.0000 290.6818 15.11093796000016
SAT_56_19
1 91229U 26001A   26149.00000000  .00000000  00000-0  00000-0 0  9994
2 91229  53.2000 275.0000 0001000   0.0000 307.0455 15.11093796000017
SAT_56_20
1 91230U 26001A   26149.00000000  .00000000  00000-0  00000-0 0  9996
2 91230  53.2000 275.0000 0001000   0.0000 323.4091 15.11093796000017
SAT_56_21
1 91231U 26001A   26149.00000000  .00000000  00000-0  00000-0 0  9997
2 91231  53.2000 275.0000 0001000   0.0000 339.7727 15.11093796000014
SAT_56_22
1 91232U 26001A   26149.00000000  .00000000  00000-0  00000-0 0  9998
2 91232  53.2000 275.0000 0001000   0.0000 356.1364 15.11093796000015
SAT_57_01
1 91233U 26001A   26149.00000000  .00000000  00000-0  00000-0 0  9999
2 91233  53.2000 280.0000 0001000   0.0000  12.7273 15.11093796000016
SAT_57_02
1 91234U 26001A   26149.00000000  .00000000  00000-0  00000-0 0  9990
2 91234  53.2000 280.0000 0001000   0.0000  29.0909 15.11093796000014
SAT_57_03
1 91235U 26001A   26149.00000000  .00000000  00000-0  00000-0 0  9991
2 91235  53.2000 280.0000 0001000   0.0000  45.4545 15.11093796000013
SAT_57_04
1 91236U 26001A   26149.00000000  .00000000  00000-0  00000-0 0  9992
2 91236  53.2000 280.0000 0001000   0.0000  61.8182 15.11093796000013
SAT_57_05
1 91237U 26001A   26149.00000000  .00000000  00000-0  00000-0 0  9993
2 91237  53.2000 280.0000 0001000   0.0000  78.1818 15.11093796000011
SAT_57_06
1 91238U 26001A   26149.00000000  .00000000  00000-0  00000-0 0  9994
2 91238  53.2000 280.0000 0001000   0.0000  94.5455 15.11093796000011
SAT_57_07
1 91239U 26001A   26149.00000000  .00000000  00000-0  00000-0 0  9995
2 91239  53.2000 280.0000 0001000   0.0000 110.9091 15.11093796000011
SAT_57_08
1 91240U 26001A   26149.00000000  .00000000  00000-0  00000-0 0  9997
2 91240  53.2000 280.0000 0001000   0.0000 127.2727 15.11093796000010
SAT_57_09
1 91241U 26001A   26149.00000000  .00000000  00000-0  00000-0 0  9998
2 91241  53.2000 280.0000 0001000   0.0000 143.6364 15.11093796000010
SAT_57_10
1 91242U 26001A   26149.00000000  .00000000  00000-0  00000-0 0  9999
2 91242  53.2000 280.0000 0001000   0.0000 160.0000 15.11093796000011
SAT_57_11
1 91243U 26001A   26149.00000000  .00000000  00000-0  00000-0 0  9990
2 91243  53.2000 280.0000 0001000   0.0000 176.3636 15.11093796000017
SAT_57_12
1 91244U 26001A   26149.00000000  .00000000  00000-0  00000-0 0  9991
2 91244  53.2000 280.0000 0001000   0.0000 192.7273 15.11093796000017
SAT_57_13
1 91245U 26001A   26149.00000000  .00000000  00000-0  00000-0 0  9992
2 91245  53.2000 280.0000 0001000   0.0000 209.0909 15.11093796000016
SAT_57_14
1 91246U 26001A   26149.00000000  .00000000  00000-0  00000-0 0  9993
2 91246  53.2000 280.0000 0001000   0.0000 225.4545 15.11093796000015
SAT_57_15
1 91247U 26001A   26149.00000000  .00000000  00000-0  00000-0 0  9994
2 91247  53.2000 280.0000 0001000   0.0000 241.8182 15.11093796000015
SAT_57_16
1 91248U 26001A   26149.00000000  .00000000  00000-0  00000-0 0  9995
2 91248  53.2000 280.0000 0001000   0.0000 258.1818 15.11093796000013
SAT_57_17
1 91249U 26001A   26149.00000000  .00000000  00000-0  00000-0 0  9996
2 91249  53.2000 280.0000 0001000   0.0000 274.5455 15.11093796000013
SAT_57_18
1 91250U 26001A   26149.00000000  .00000000  00000-0  00000-0 0  9998
2 91250  53.2000 280.0000 0001000   0.0000 290.9091 15.11093796000013
SAT_57_19
1 91251U 26001A   26149.00000000  .00000000  00000-0  00000-0 0  9999
2 91251  53.2000 280.0000 0001000   0.0000 307.2727 15.11093796000012
SAT_57_20
1 91252U 26001A   26149.00000000  .00000000  00000-0  00000-0 0  9990
2 91252  53.2000 280.0000 0001000   0.0000 323.6364 15.11093796000012
SAT_57_21
1 91253U 26001A   26149.00000000  .00000000  00000-0  00000-0 0  9991
2 91253  53.2000 280.0000 0001000   0.0000 340.0000 15.11093796000013
SAT_57_22
1 91254U 26001A   26149.00000000  .00000000  00000-0  00000-0 0  9992
2 91254  53.2000 280.0000 0001000   0.0000 356.3636 15.11093796000019
SAT_58_01
1 91255U 26001A   26149.00000000  .00000000  00000-0  00000-0 0  9993
2 91255  53.2000 285.0000 0001000   0.0000  12.9545 15.11093796000019
SAT_58_02
1 91256U 26001A   26149.00000000  .00000000  00000-0  00000-0 0  9994
2 91256  53.2000 285.0000 0001000   0.0000  29.3182 15.11093796000019
SAT_58_03
1 91257U 26001A   26149.00000000  .00000000  00000-0  00000-0 0  9995
2 91257  53.2000 285.0000 0001000   0.0000  45.6818 15.11093796000017
SAT_58_04
1 91258U 26001A   26149.00000000  .00000000  00000-0  00000-0 0  9996
2 91258  53.2000 285.0000 0001000   0.0000  62.0455 15.11093796000018
SAT_58_05
1 91259U 26001A   26149.00000000  .00000000  00000-0  00000-0 0  9997
2 91259  53.2000 285.0000 0001000   0.0000  78.4091 15.11093796000016
SAT_58_06
1 91260U 26001A   26149.00000000  .00000000  00000-0  00000-0 0  9999
2 91260  53.2000 285.0000 0001000   0.0000  94.7727 15.11093796000015
SAT_58_07
1 91261U 26001A   26149.00000000  .00000000  00000-0  00000-0 0  9990
2 91261  53.2000 285.0000 0001000   0.0000 111.1364 15.11093796000017
SAT_58_08
1 91262U 26001A   26149.00000000  .00000000  00000-0  00000-0 0  9991
2 91262  53.2000 285.0000 0001000   0.0000 127.5000 15.11093796000016
SAT_58_09
1 91263U 26001A   26149.00000000  .00000000  00000-0  00000-0 0  9992
2 91263  53.2000 285.0000 0001000   0.0000 143.8636 15.11093796000013
SAT_58_10
1 91264U 26001A   26149.00000000  .00000000  00000-0  00000-0 0  9993
2 91264  53.2000 285.0000 0001000   0.0000 160.2273 15.11093796000014
SAT_58_11
1 91265U 26001A   26149.00000000  .00000000  00000-0  00000-0 0  9994
2 91265  53.2000 285.0000 0001000   0.0000 176.5909 15.11093796000011
SAT_58_12
1 91266U 26001A   26149.00000000  .00000000  00000-0  00000-0 0  9995
2 91266  53.2000 285.0000 0001000   0.0000 192.9545 15.11093796000010
SAT_58_13
1 91267U 26001A   26149.00000000  .00000000  00000-0  00000-0 0  9996
2 91267  53.2000 285.0000 0001000   0.0000 209.3182 15.11093796000011
SAT_58_14
1 91268U 26001A   26149.00000000  .00000000  00000-0  00000-0 0  9997
2 91268  53.2000 285.0000 0001000   0.0000 225.6818 15.11093796000019
SAT_58_15
1 91269U 26001A   26149.00000000  .00000000  00000-0  00000-0 0  9998
2 91269  53.2000 285.0000 0001000   0.0000 242.0455 15.11093796000010
SAT_58_16
1 91270U 26001A   26149.00000000  .00000000  00000-0  00000-0 0  9990
2 91270  53.2000 285.0000 0001000   0.0000 258.4091 15.11093796000019
SAT_58_17
1 91271U 26001A   26149.00000000  .00000000  00000-0  00000-0 0  9991
2 91271  53.2000 285.0000 0001000   0.0000 274.7727 15.11093796000017
SAT_58_18
1 91272U 26001A   26149.00000000  .00000000  00000-0  00000-0 0  9992
2 91272  53.2000 285.0000 0001000   0.0000 291.1364 15.11093796000018
SAT_58_19
1 91273U 26001A   26149.00000000  .00000000  00000-0  00000-0 0  9993
2 91273  53.2000 285.0000 0001000   0.0000 307.5000 15.11093796000018
SAT_58_20
1 91274U 26001A   26149.00000000  .00000000  00000-0  00000-0 0  9994
2 91274  53.2000 285.0000 0001000   0.0000 323.8636 15.11093796000015
SAT_58_21
1 91275U 26001A   26149.00000000  .00000000  00000-0  00000-0 0  9995
2 91275  53.2000 285.0000 0001000   0.0000 340.2273 15.11093796000016
SAT_58_22
1 91276U 26001A   26149.00000000  .00000000  00000-0  00000-0 0  9996
2 91276  53.2000 285.0000 0001000   0.0000 356.5909 15.11093796000013
SAT_59_01
1 91277U 26001A   26149.00000000  .00000000  00000-0  00000-0 0  9997
2 91277  53.2000 290.0000 0001000   0.0000  13.1818 15.11093796000015
SAT_59_02
1 91278U 26001A   26149.00000000  .00000000  00000-0  00000-0 0  9998
2 91278  53.2000 290.0000 0001000   0.0000  29.5455 15.11093796000014
SAT_59_03
1 91279U 26001A   26149.00000000  .00000000  00000-0  00000-0 0  9999
2 91279  53.2000 290.0000 0001000   0.0000  45.9091 15.11093796000013
SAT_59_04
1 91280U 26001A   26149.00000000  .00000000  00000-0  00000-0 0  9991
2 91280  53.2000 290.0000 0001000   0.0000  62.2727 15.11093796000013
SAT_59_05
1 91281U 26001A   26149.00000000  .00000000  00000-0  00000-0 0  9992
2 91281  53.2000 290.0000 0001000   0.0000  78.6364 15.11093796000012
SAT_59_06
1 91282U 26001A   26149.00000000  .00000000  00000-0  00000-0 0  9993
2 91282  53.2000 290.0000 0001000   0.0000  95.0000 15.11093796000013
SAT_59_07
1 91283U 26001A   26149.00000000  .00000000  00000-0  00000-0 0  9994
2 91283  53.2000 290.0000 0001000   0.0000 111.3636 15.11093796000011
SAT_59_08
1 91284U 26001A   26149.00000000  .00000000  00000-0  00000-0 0  9995
2 91284  53.2000 290.0000 0001000   0.0000 127.7273 15.11093796000010
SAT_59_09
1 91285U 26001A   26149.00000000  .00000000  00000-0  00000-0 0  9996
2 91285  53.2000 290.0000 0001000   0.0000 144.0909 15.11093796000019
SAT_59_10
1 91286U 26001A   26149.00000000  .00000000  00000-0  00000-0 0  9997
2 91286  53.2000 290.0000 0001000   0.0000 160.4545 15.11093796000018
SAT_59_11
1 91287U 26001A   26149.00000000  .00000000  00000-0  00000-0 0  9998
2 91287  53.2000 290.0000 0001000   0.0000 176.8182 15.11093796000017
SAT_59_12
1 91288U 26001A   26149.00000000  .00000000  00000-0  00000-0 0  9999
2 91288  53.2000 290.0000 0001000   0.0000 193.1818 15.11093796000016
SAT_59_13
1 91289U 26001A   26149.00000000  .00000000  00000-0  00000-0 0  9990
2 91289  53.2000 290.0000 0001000   0.0000 209.5455 15.11093796000016
SAT_59_14
1 91290U 26001A   26149.00000000  .00000000  00000-0  00000-0 0  9992
2 91290  53.2000 290.0000 0001000   0.0000 225.9091 15.11093796000016
SAT_59_15
1 91291U 26001A   26149.00000000  .00000000  00000-0  00000-0 0  9993
2 91291  53.2000 290.0000 0001000   0.0000 242.2727 15.11093796000015
SAT_59_16
1 91292U 26001A   26149.00000000  .00000000  00000-0  00000-0 0  9994
2 91292  53.2000 290.0000 0001000   0.0000 258.6364 15.11093796000014
SAT_59_17
1 91293U 26001A   26149.00000000  .00000000  00000-0  00000-0 0  9995
2 91293  53.2000 290.0000 0001000   0.0000 275.0000 15.11093796000015
SAT_59_18
1 91294U 26001A   26149.00000000  .00000000  00000-0  00000-0 0  9996
2 91294  53.2000 290.0000 0001000   0.0000 291.3636 15.11093796000012
SAT_59_19
1 91295U 26001A   26149.00000000  .00000000  00000-0  00000-0 0  9997
2 91295  53.2000 290.0000 0001000   0.0000 307.7273 15.11093796000012
SAT_59_20
1 91296U 26001A   26149.00000000  .00000000  00000-0  00000-0 0  9998
2 91296  53.2000 290.0000 0001000   0.0000 324.0909 15.11093796000011
SAT_59_21
1 91297U 26001A   26149.00000000  .00000000  00000-0  00000-0 0  9999
2 91297  53.2000 290.0000 0001000   0.0000 340.4545 15.11093796000010
SAT_59_22
1 91298U 26001A   26149.00000000  .00000000  00000-0  00000-0 0  9990
2 91298  53.2000 290.0000 0001000   0.0000 356.8182 15.11093796000019
SAT_60_01
1 91299U 26001A   26149.00000000  .00000000  00000-0  00000-0 0  9991
2 91299  53.2000 295.0000 0001000   0.0000  13.4091 15.11093796000010
SAT_60_02
1 91300U 26001A   26149.00000000  .00000000  00000-0  00000-0 0  9994
2 91300  53.2000 295.0000 0001000   0.0000  29.7727 15.11093796000019
SAT_60_03
1 91301U 26001A   26149.00000000  .00000000  00000-0  00000-0 0  9995
2 91301  53.2000 295.0000 0001000   0.0000  46.1364 15.11093796000010
SAT_60_04
1 91302U 26001A   26149.00000000  .00000000  00000-0  00000-0 0  9996
2 91302  53.2000 295.0000 0001000   0.0000  62.5000 15.11093796000010
SAT_60_05
1 91303U 26001A   26149.00000000  .00000000  00000-0  00000-0 0  9997
2 91303  53.2000 295.0000 0001000   0.0000  78.8636 15.11093796000016
SAT_60_06
1 91304U 26001A   26149.00000000  .00000000  00000-0  00000-0 0  9998
2 91304  53.2000 295.0000 0001000   0.0000  95.2273 15.11093796000017
SAT_60_07
1 91305U 26001A   26149.00000000  .00000000  00000-0  00000-0 0  9999
2 91305  53.2000 295.0000 0001000   0.0000 111.5909 15.11093796000016
SAT_60_08
1 91306U 26001A   26149.00000000  .00000000  00000-0  00000-0 0  9990
2 91306  53.2000 295.0000 0001000   0.0000 127.9545 15.11093796000014
SAT_60_09
1 91307U 26001A   26149.00000000  .00000000  00000-0  00000-0 0  9991
2 91307  53.2000 295.0000 0001000   0.0000 144.3182 15.11093796000015
SAT_60_10
1 91308U 26001A   26149.00000000  .00000000  00000-0  00000-0 0  9992
2 91308  53.2000 295.0000 0001000   0.0000 160.6818 15.11093796000013
SAT_60_11
1 91309U 26001A   26149.00000000  .00000000  00000-0  00000-0 0  9993
2 91309  53.2000 295.0000 0001000   0.0000 177.0455 15.11093796000013
SAT_60_12
1 91310U 26001A   26149.00000000  .00000000  00000-0  00000-0 0  9995
2 91310  53.2000 295.0000 0001000   0.0000 193.4091 15.11093796000013
SAT_60_13
1 91311U 26001A   26149.00000000  .00000000  00000-0  00000-0 0  9996
2 91311  53.2000 295.0000 0001000   0.0000 209.7727 15.11093796000011
SAT_60_14
1 91312U 26001A   26149.00000000  .00000000  00000-0  00000-0 0  9997
2 91312  53.2000 295.0000 0001000   0.0000 226.1364 15.11093796000012
SAT_60_15
1 91313U 26001A   26149.00000000  .00000000  00000-0  00000-0 0  9998
2 91313  53.2000 295.0000 0001000   0.0000 242.5000 15.11093796000012
SAT_60_16
1 91314U 26001A   26149.00000000  .00000000  00000-0  00000-0 0  9999
2 91314  53.2000 295.0000 0001000   0.0000 258.8636 15.11093796000018
SAT_60_17
1 91315U 26001A   26149.00000000  .00000000  00000-0  00000-0 0  9990
2 91315  53.2000 295.0000 0001000   0.0000 275.2273 15.11093796000019
SAT_60_18
1 91316U 26001A   26149.00000000  .00000000  00000-0  00000-0 0  9991
2 91316  53.2000 295.0000 0001000   0.0000 291.5909 15.11093796000017
SAT_60_19
1 91317U 26001A   26149.00000000  .00000000  00000-0  00000-0 0  9992
2 91317  53.2000 295.0000 0001000   0.0000 307.9545 15.11093796000016
SAT_60_20
1 91318U 26001A   26149.00000000  .00000000  00000-0  00000-0 0  9993
2 91318  53.2000 295.0000 0001000   0.0000 324.3182 15.11093796000017
SAT_60_21
1 91319U 26001A   26149.00000000  .00000000  00000-0  00000-0 0  9994
2 91319  53.2000 295.0000 0001000   0.0000 340.6818 15.11093796000015
SAT_60_22
1 91320U 26001A   26149.00000000  .00000000  00000-0  00000-0 0  9996
2 91320  53.2000 295.0000 0001000   0.0000 357.0455 15.11093796000016
SAT_61_01
1 91321U 26001A   26149.00000000  .00000000  00000-0  00000-0 0  9997
2 91321  53.2000 300.0000 0001000   0.0000  13.6364 15.11093796000018
SAT_61_02
1 91322U 26001A   26149.00000000  .00000000  00000-0  00000-0 0  9998
2 91322  53.2000 300.0000 0001000   0.0000  30.0000 15.11093796000019
SAT_61_03
1 91323U 26001A   26149.00000000  .00000000  00000-0  00000-0 0  9999
2 91323  53.2000 300.0000 0001000   0.0000  46.3636 15.11093796000015
SAT_61_04
1 91324U 26001A   26149.00000000  .00000000  00000-0  00000-0 0  9990
2 91324  53.2000 300.0000 0001000   0.0000  62.7273 15.11093796000015
SAT_61_05
1 91325U 26001A   26149.00000000  .00000000  00000-0  00000-0 0  9991
2 91325  53.2000 300.0000 0001000   0.0000  79.0909 15.11093796000013
SAT_61_06
1 91326U 26001A   26149.00000000  .00000000  00000-0  00000-0 0  9992
2 91326  53.2000 300.0000 0001000   0.0000  95.4545 15.11093796000012
SAT_61_07
1 91327U 26001A   26149.00000000  .00000000  00000-0  00000-0 0  9993
2 91327  53.2000 300.0000 0001000   0.0000 111.8182 15.11093796000013
SAT_61_08
1 91328U 26001A   26149.00000000  .00000000  00000-0  00000-0 0  9994
2 91328  53.2000 300.0000 0001000   0.0000 128.1818 15.11093796000011
SAT_61_09
1 91329U 26001A   26149.00000000  .00000000  00000-0  00000-0 0  9995
2 91329  53.2000 300.0000 0001000   0.0000 144.5455 15.11093796000011
SAT_61_10
1 91330U 26001A   26149.00000000  .00000000  00000-0  00000-0 0  9997
2 91330  53.2000 300.0000 0001000   0.0000 160.9091 15.11093796000011
SAT_61_11
1 91331U 26001A   26149.00000000  .00000000  00000-0  00000-0 0  9998
2 91331  53.2000 300.0000 0001000   0.0000 177.2727 15.11093796000019
SAT_61_12
1 91332U 26001A   26149.00000000  .00000000  00000-0  00000-0 0  9999
2 91332  53.2000 300.0000 0001000   0.0000 193.6364 15.11093796000019
SAT_61_13
1 91333U 26001A   26149.00000000  .00000000  00000-0  00000-0 0  9990
2 91333  53.2000 300.0000 0001000   0.0000 210.0000 15.11093796000011
SAT_61_14
1 91334U 26001A   26149.00000000  .00000000  00000-0  00000-0 0  9991
2 91334  53.2000 300.0000 0001000   0.0000 226.3636 15.11093796000017
SAT_61_15
1 91335U 26001A   26149.00000000  .00000000  00000-0  00000-0 0  9992
2 91335  53.2000 300.0000 0001000   0.0000 242.7273 15.11093796000017
SAT_61_16
1 91336U 26001A   26149.00000000  .00000000  00000-0  00000-0 0  9993
2 91336  53.2000 300.0000 0001000   0.0000 259.0909 15.11093796000015
SAT_61_17
1 91337U 26001A   26149.00000000  .00000000  00000-0  00000-0 0  9994
2 91337  53.2000 300.0000 0001000   0.0000 275.4545 15.11093796000014
SAT_61_18
1 91338U 26001A   26149.00000000  .00000000  00000-0  00000-0 0  9995
2 91338  53.2000 300.0000 0001000   0.0000 291.8182 15.11093796000014
SAT_61_19
1 91339U 26001A   26149.00000000  .00000000  00000-0  00000-0 0  9996
2 91339  53.2000 300.0000 0001000   0.0000 308.1818 15.11093796000013
SAT_61_20
1 91340U 26001A   26149.00000000  .00000000  00000-0  00000-0 0  9998
2 91340  53.2000 300.0000 0001000   0.0000 324.5455 15.11093796000014
SAT_61_21
1 91341U 26001A   26149.00000000  .00000000  00000-0  00000-0 0  9999
2 91341  53.2000 300.0000 0001000   0.0000 340.9091 15.11093796000013
SAT_61_22
1 91342U 26001A   26149.00000000  .00000000  00000-0  00000-0 0  9990
2 91342  53.2000 300.0000 0001000   0.0000 357.2727 15.11093796000011
SAT_62_01
1 91343U 26001A   26149.00000000  .00000000  00000-0  00000-0 0  9991
2 91343  53.2000 305.0000 0001000   0.0000  13.8636 15.11093796000011
SAT_62_02
1 91344U 26001A   26149.00000000  .00000000  00000-0  00000-0 0  9992
2 91344  53.2000 305.0000 0001000   0.0000  30.2273 15.11093796000012
SAT_62_03
1 91345U 26001A   26149.00000000  .00000000  00000-0  00000-0 0  9993
2 91345  53.2000 305.0000 0001000   0.0000  46.5909 15.11093796000019
SAT_62_04
1 91346U 26001A   26149.00000000  .00000000  00000-0  00000-0 0  9994
2 91346  53.2000 305.0000 0001000   0.0000  62.9545 15.11093796000018
SAT_62_05
1 91347U 26001A   26149.00000000  .00000000  00000-0  00000-0 0  9995
2 91347  53.2000 305.0000 0001000   0.0000  79.3182 15.11093796000018
SAT_62_06
1 91348U 26001A   26149.00000000  .00000000  00000-0  00000-0 0  9996
2 91348  53.2000 305.0000 0001000   0.0000  95.6818 15.11093796000016
SAT_62_07
1 91349U 26001A   26149.00000000  .00000000  00000-0  00000-0 0  9997
2 91349  53.2000 305.0000 0001000   0.0000 112.0455 15.11093796000018
SAT_62_08
1 91350U 26001A   26149.00000000  .00000000  00000-0  00000-0 0  9999
2 91350  53.2000 305.0000 0001000   0.0000 128.4091 15.11093796000017
SAT_62_09
1 91351U 26001A   26149.00000000  .00000000  00000-0  00000-0 0  9990
2 91351  53.2000 305.0000 0001000   0.0000 144.7727 15.11093796000015
SAT_62_10
1 91352U 26001A   26149.00000000  .00000000  00000-0  00000-0 0  9991
2 91352  53.2000 305.0000 0001000   0.0000 161.1364 15.11093796000016
SAT_62_11
1 91353U 26001A   26149.00000000  .00000000  00000-0  00000-0 0  9992
2 91353  53.2000 305.0000 0001000   0.0000 177.5000 15.11093796000015
SAT_62_12
1 91354U 26001A   26149.00000000  .00000000  00000-0  00000-0 0  9993
2 91354  53.2000 305.0000 0001000   0.0000 193.8636 15.11093796000012
SAT_62_13
1 91355U 26001A   26149.00000000  .00000000  00000-0  00000-0 0  9994
2 91355  53.2000 305.0000 0001000   0.0000 210.2273 15.11093796000014
SAT_62_14
1 91356U 26001A   26149.00000000  .00000000  00000-0  00000-0 0  9995
2 91356  53.2000 305.0000 0001000   0.0000 226.5909 15.11093796000011
SAT_62_15
1 91357U 26001A   26149.00000000  .00000000  00000-0  00000-0 0  9996
2 91357  53.2000 305.0000 0001000   0.0000 242.9545 15.11093796000010
SAT_62_16
1 91358U 26001A   26149.00000000  .00000000  00000-0  00000-0 0  9997
2 91358  53.2000 305.0000 0001000   0.0000 259.3182 15.11093796000010
SAT_62_17
1 91359U 26001A   26149.00000000  .00000000  00000-0  00000-0 0  9998
2 91359  53.2000 305.0000 0001000   0.0000 275.6818 15.11093796000018
SAT_62_18
1 91360U 26001A   26149.00000000  .00000000  00000-0  00000-0 0  9990
2 91360  53.2000 305.0000 0001000   0.0000 292.0455 15.11093796000010
SAT_62_19
1 91361U 26001A   26149.00000000  .00000000  00000-0  00000-0 0  9991
2 91361  53.2000 305.0000 0001000   0.0000 308.4091 15.11093796000019
SAT_62_20
1 91362U 26001A   26149.00000000  .00000000  00000-0  00000-0 0  9992
2 91362  53.2000 305.0000 0001000   0.0000 324.7727 15.11093796000017
SAT_62_21
1 91363U 26001A   26149.00000000  .00000000  00000-0  00000-0 0  9993
2 91363  53.2000 305.0000 0001000   0.0000 341.1364 15.11093796000018
SAT_62_22
1 91364U 26001A   26149.00000000  .00000000  00000-0  00000-0 0  9994
2 91364  53.2000 305.0000 0001000   0.0000 357.5000 15.11093796000017
SAT_63_01
1 91365U 26001A   26149.00000000  .00000000  00000-0  00000-0 0  9995
2 91365  53.2000 310.0000 0001000   0.0000  14.0909 15.11093796000017
SAT_63_02
1 91366U 26001A   26149.00000000  .00000000  00000-0  00000-0 0  9996
2 91366  53.2000 310.0000 0001000   0.0000  30.4545 15.11093796000016
SAT_63_03
1 91367U 26001A   26149.00000000  .00000000  00000-0  00000-0 0  9997
2 91367  53.2000 310.0000 0001000   0.0000  46.8182 15.11093796000015
SAT_63_04
1 91368U 26001A   26149.00000000  .00000000  00000-0  00000-0 0  9998
2 91368  53.2000 310.0000 0001000   0.0000  63.1818 15.11093796000014
SAT_63_05
1 91369U 26001A   26149.00000000  .00000000  00000-0  00000-0 0  9999
2 91369  53.2000 310.0000 0001000   0.0000  79.5455 15.11093796000013
SAT_63_06
1 91370U 26001A   26149.00000000  .00000000  00000-0  00000-0 0  9991
2 91370  53.2000 310.0000 0001000   0.0000  95.9091 15.11093796000013
SAT_63_07
1 91371U 26001A   26149.00000000  .00000000  00000-0  00000-0 0  9992
2 91371  53.2000 310.0000 0001000   0.0000 112.2727 15.11093796000013
SAT_63_08
1 91372U 26001A   26149.00000000  .00000000  00000-0  00000-0 0  9993
2 91372  53.2000 310.0000 0001000   0.0000 128.6364 15.11093796000012
SAT_63_09
1 91373U 26001A   26149.00000000  .00000000  00000-0  00000-0 0  9994
2 91373  53.2000 310.0000 0001000   0.0000 145.0000 15.11093796000013
SAT_63_10
1 91374U 26001A   26149.00000000  .00000000  00000-0  00000-0 0  9995
2 91374  53.2000 310.0000 0001000   0.0000 161.3636 15.11093796000010
SAT_63_11
1 91375U 26001A   26149.00000000  .00000000  00000-0  00000-0 0  9996
2 91375  53.2000 310.0000 0001000   0.0000 177.7273 15.11093796000019
SAT_63_12
1 91376U 26001A   26149.00000000  .00000000  00000-0  00000-0 0  9997
2 91376  53.2000 310.0000 0001000   0.0000 194.0909 15.11093796000018
SAT_63_13
1 91377U 26001A   26149.00000000  .00000000  00000-0  00000-0 0  9998
2 91377  53.2000 310.0000 0001000   0.0000 210.4545 15.11093796000018
SAT_63_14
1 91378U 26001A   26149.00000000  .00000000  00000-0  00000-0 0  9999
2 91378  53.2000 310.0000 0001000   0.0000 226.8182 15.11093796000017
SAT_63_15
1 91379U 26001A   26149.00000000  .00000000  00000-0  00000-0 0  9990
2 91379  53.2000 310.0000 0001000   0.0000 243.1818 15.11093796000016
SAT_63_16
1 91380U 26001A   26149.00000000  .00000000  00000-0  00000-0 0  9992
2 91380  53.2000 310.0000 0001000   0.0000 259.5455 15.11093796000016
SAT_63_17
1 91381U 26001A   26149.00000000  .00000000  00000-0  00000-0 0  9993
2 91381  53.2000 310.0000 0001000   0.0000 275.9091 15.11093796000015
SAT_63_18
1 91382U 26001A   26149.00000000  .00000000  00000-0  00000-0 0  9994
2 91382  53.2000 310.0000 0001000   0.0000 292.2727 15.11093796000014
SAT_63_19
1 91383U 26001A   26149.00000000  .00000000  00000-0  00000-0 0  9995
2 91383  53.2000 310.0000 0001000   0.0000 308.6364 15.11093796000014
SAT_63_20
1 91384U 26001A   26149.00000000  .00000000  00000-0  00000-0 0  9996
2 91384  53.2000 310.0000 0001000   0.0000 325.0000 15.11093796000015
SAT_63_21
1 91385U 26001A   26149.00000000  .00000000  00000-0  00000-0 0  9997
2 91385  53.2000 310.0000 0001000   0.0000 341.3636 15.11093796000012
SAT_63_22
1 91386U 26001A   26149.00000000  .00000000  00000-0  00000-0 0  9998
2 91386  53.2000 310.0000 0001000   0.0000 357.7273 15.11093796000011
SAT_64_01
1 91387U 26001A   26149.00000000  .00000000  00000-0  00000-0 0  9999
2 91387  53.2000 315.0000 0001000   0.0000  14.3182 15.11093796000012
SAT_64_02
1 91388U 26001A   26149.00000000  .00000000  00000-0  00000-0 0  9990
2 91388  53.2000 315.0000 0001000   0.0000  30.6818 15.11093796000010
SAT_64_03
1 91389U 26001A   26149.00000000  .00000000  00000-0  00000-0 0  9991
2 91389  53.2000 315.0000 0001000   0.0000  47.0455 15.11093796000010
SAT_64_04
1 91390U 26001A   26149.00000000  .00000000  00000-0  00000-0 0  9993
2 91390  53.2000 315.0000 0001000   0.0000  63.4091 15.11093796000010
SAT_64_05
1 91391U 26001A   26149.00000000  .00000000  00000-0  00000-0 0  9994
2 91391  53.2000 315.0000 0001000   0.0000  79.7727 15.11093796000017
SAT_64_06
1 91392U 26001A   26149.00000000  .00000000  00000-0  00000-0 0  9995
2 91392  53.2000 315.0000 0001000   0.0000  96.1364 15.11093796000018
SAT_64_07
1 91393U 26001A   26149.00000000  .00000000  00000-0  00000-0 0  9996
2 91393  53.2000 315.0000 0001000   0.0000 112.5000 15.11093796000019
SAT_64_08
1 91394U 26001A   26149.00000000  .00000000  00000-0  00000-0 0  9997
2 91394  53.2000 315.0000 0001000   0.0000 128.8636 15.11093796000015
SAT_64_09
1 91395U 26001A   26149.00000000  .00000000  00000-0  00000-0 0  9998
2 91395  53.2000 315.0000 0001000   0.0000 145.2273 15.11093796000016
SAT_64_10
1 91396U 26001A   26149.00000000  .00000000  00000-0  00000-0 0  9999
2 91396  53.2000 315.0000 0001000   0.0000 161.5909 15.11093796000014
SAT_64_11
1 91397U 26001A   26149.00000000  .00000000  00000-0  00000-0 0  9990
2 91397  53.2000 315.0000 0001000   0.0000 177.9545 15.11093796000012
SAT_64_12
1 91398U 26001A   26149.00000000  .00000000  00000-0  00000-0 0  9991
2 91398  53.2000 315.0000 0001000   0.0000 194.3182 15.11093796000013
SAT_64_13
1 91399U 26001A   26149.00000000  .00000000  00000-0  00000-0 0  9992
2 91399  53.2000 315.0000 0001000   0.0000 210.6818 15.11093796000012
SAT_64_14
1 91400U 26001A   26149.00000000  .00000000  00000-0  00000-0 0  9995
2 91400  53.2000 315.0000 0001000   0.0000 227.0455 15.11093796000014
SAT_64_15
1 91401U 26001A   26149.00000000  .00000000  00000-0  00000-0 0  9996
2 91401  53.2000 315.0000 0001000   0.0000 243.4091 15.11093796000013
SAT_64_16
1 91402U 26001A   26149.00000000  .00000000  00000-0  00000-0 0  9997
2 91402  53.2000 315.0000 0001000   0.0000 259.7727 15.11093796000010
SAT_64_17
1 91403U 26001A   26149.00000000  .00000000  00000-0  00000-0 0  9998
2 91403  53.2000 315.0000 0001000   0.0000 276.1364 15.11093796000011
SAT_64_18
1 91404U 26001A   26149.00000000  .00000000  00000-0  00000-0 0  9999
2 91404  53.2000 315.0000 0001000   0.0000 292.5000 15.11093796000011
SAT_64_19
1 91405U 26001A   26149.00000000  .00000000  00000-0  00000-0 0  9990
2 91405  53.2000 315.0000 0001000   0.0000 308.8636 15.11093796000018
SAT_64_20
1 91406U 26001A   26149.00000000  .00000000  00000-0  00000-0 0  9991
2 91406  53.2000 315.0000 0001000   0.0000 325.2273 15.11093796000019
SAT_64_21
1 91407U 26001A   26149.00000000  .00000000  00000-0  00000-0 0  9992
2 91407  53.2000 315.0000 0001000   0.0000 341.5909 15.11093796000017
SAT_64_22
1 91408U 26001A   26149.00000000  .00000000  00000-0  00000-0 0  9993
2 91408  53.2000 315.0000 0001000   0.0000 357.9545 15.11093796000015
SAT_65_01
1 91409U 26001A   26149.00000000  .00000000  00000-0  00000-0 0  9994
2 91409  53.2000 320.0000 0001000   0.0000  14.5455 15.11093796000018
SAT_65_02
1 91410U 26001A   26149.00000000  .00000000  00000-0  00000-0 0  9996
2 91410  53.2000 320.0000 0001000   0.0000  30.9091 15.11093796000018
SAT_65_03
1 91411U 26001A   26149.00000000  .00000000  00000-0  00000-0 0  9997
2 91411  53.2000 320.0000 0001000   0.0000  47.2727 15.11093796000016
SAT_65_04
1 91412U 26001A   26149.00000000  .00000000  00000-0  00000-0 0  9998
2 91412  53.2000 320.0000 0001000   0.0000  63.6364 15.11093796000016
SAT_65_05
1 91413U 26001A   26149.00000000  .00000000  00000-0  00000-0 0  9999
2 91413  53.2000 320.0000 0001000   0.0000  80.0000 15.11093796000017
SAT_65_06
1 91414U 26001A   26149.00000000  .00000000  00000-0  00000-0 0  9990
2 91414  53.2000 320.0000 0001000   0.0000  96.3636 15.11093796000013
SAT_65_07
1 91415U 26001A   26149.00000000  .00000000  00000-0  00000-0 0  9991
2 91415  53.2000 320.0000 0001000   0.0000 112.7273 15.11093796000014
SAT_65_08
1 91416U 26001A   26149.00000000  .00000000  00000-0  00000-0 0  9992
2 91416  53.2000 320.0000 0001000   0.0000 129.0909 15.11093796000012
SAT_65_09
1 91417U 26001A   26149.00000000  .00000000  00000-0  00000-0 0  9993
2 91417  53.2000 320.0000 0001000   0.0000 145.4545 15.11093796000011
SAT_65_10
1 91418U 26001A   26149.00000000  .00000000  00000-0  00000-0 0  9994
2 91418  53.2000 320.0000 0001000   0.0000 161.8182 15.11093796000011
SAT_65_11
1 91419U 26001A   26149.00000000  .00000000  00000-0  00000-0 0  9995
2 91419  53.2000 320.0000 0001000   0.0000 178.1818 15.11093796000019
SAT_65_12
1 91420U 26001A   26149.00000000  .00000000  00000-0  00000-0 0  9997
2 91420  53.2000 320.0000 0001000   0.0000 194.5455 15.11093796000010
SAT_65_13
1 91421U 26001A   26149.00000000  .00000000  00000-0  00000-0 0  9998
2 91421  53.2000 320.0000 0001000   0.0000 210.9091 15.11093796000010
SAT_65_14
1 91422U 26001A   26149.00000000  .00000000  00000-0  00000-0 0  9999
2 91422  53.2000 320.0000 0001000   0.0000 227.2727 15.11093796000018
SAT_65_15
1 91423U 26001A   26149.00000000  .00000000  00000-0  00000-0 0  9990
2 91423  53.2000 320.0000 0001000   0.0000 243.6364 15.11093796000018
SAT_65_16
1 91424U 26001A   26149.00000000  .00000000  00000-0  00000-0 0  9991
2 91424  53.2000 320.0000 0001000   0.0000 260.0000 15.11093796000019
SAT_65_17
1 91425U 26001A   26149.00000000  .00000000  00000-0  00000-0 0  9992
2 91425  53.2000 320.0000 0001000   0.0000 276.3636 15.11093796000015
SAT_65_18
1 91426U 26001A   26149.00000000  .00000000  00000-0  00000-0 0  9993
2 91426  53.2000 320.0000 0001000   0.0000 292.7273 15.11093796000015
SAT_65_19
1 91427U 26001A   26149.00000000  .00000000  00000-0  00000-0 0  9994
2 91427  53.2000 320.0000 0001000   0.0000 309.0909 15.11093796000014
SAT_65_20
1 91428U 26001A   26149.00000000  .00000000  00000-0  00000-0 0  9995
2 91428  53.2000 320.0000 0001000   0.0000 325.4545 15.11093796000013
SAT_65_21
1 91429U 26001A   26149.00000000  .00000000  00000-0  00000-0 0  9996
2 91429  53.2000 320.0000 0001000   0.0000 341.8182 15.11093796000013
SAT_65_22
1 91430U 26001A   26149.00000000  .00000000  00000-0  00000-0 0  9998
2 91430  53.2000 320.0000 0001000   0.0000 358.1818 15.11093796000012
SAT_66_01
1 91431U 26001A   26149.00000000  .00000000  00000-0  00000-0 0  9999
2 91431  53.2000 325.0000 0001000   0.0000  14.7727 15.11093796000012
SAT_66_02
1 91432U 26001A   26149.00000000  .00000000  00000-0  00000-0 0  9990
2 91432  53.2000 325.0000 0001000   0.0000  31.1364 15.11093796000013
SAT_66_03
1 91433U 26001A   26149.00000000  .00000000  00000-0  00000-0 0  9991
2 91433  53.2000 325.0000 0001000   0.0000  47.5000 15.11093796000012
SAT_66_04
1 91434U 26001A   26149.00000000  .00000000  00000-0  00000-0 0  9992
2 91434  53.2000 325.0000 0001000   0.0000  63.8636 15.11093796000019
SAT_66_05
1 91435U 26001A   26149.00000000  .00000000  00000-0  00000-0 0  9993
2 91435  53.2000 325.0000 0001000   0.0000  80.2273 15.11093796000010
SAT_66_06
1 91436U 26001A   26149.00000000  .00000000  00000-0  00000-0 0  9994
2 91436  53.2000 325.0000 0001000   0.0000  96.5909 15.11093796000017
SAT_66_07
1 91437U 26001A   26149.00000000  .00000000  00000-0  00000-0 0  9995
2 91437  53.2000 325.0000 0001000   0.0000 112.9545 15.11093796000017
SAT_66_08
1 91438U 26001A   26149.00000000  .00000000  00000-0  00000-0 0  9996
2 91438  53.2000 325.0000 0001000   0.0000 129.3182 15.11093796000017
SAT_66_09
1 91439U 26001A   26149.00000000  .00000000  00000-0  00000-0 0  9997
2 91439  53.2000 325.0000 0001000   0.0000 145.6818 15.11093796000015
SAT_66_10
1 91440U 26001A   26149.00000000  .00000000  00000-0  00000-0 0  9999
2 91440  53.2000 325.0000 0001000   0.0000 162.0455 15.11093796000017
SAT_66_11
1 91441U 26001A   26149.00000000  .00000000  00000-0  00000-0 0  9990
2 91441  53.2000 325.0000 0001000   0.0000 178.4091 15.11093796000015
SAT_66_12
1 91442U 26001A   26149.00000000  .00000000  00000-0  00000-0 0  9991
2 91442  53.2000 325.0000 0001000   0.0000 194.7727 15.11093796000013
SAT_66_13
1 91443U 26001A   26149.00000000  .00000000  00000-0  00000-0 0  9992
2 91443  53.2000 325.0000 0001000   0.0000 211.1364 15.11093796000015
SAT_66_14
1 91444U 26001A   26149.00000000  .00000000  00000-0  00000-0 0  9993
2 91444  53.2000 325.0000 0001000   0.0000 227.5000 15.11093796000014
SAT_66_15
1 91445U 26001A   26149.00000000  .00000000  00000-0  00000-0 0  9994
2 91445  53.2000 325.0000 0001000   0.0000 243.8636 15.11093796000011
SAT_66_16
1 91446U 26001A   26149.00000000  .00000000  00000-0  00000-0 0  9995
2 91446  53.2000 325.0000 0001000   0.0000 260.2273 15.11093796000012
SAT_66_17
1 91447U 26001A   26149.00000000  .00000000  00000-0  00000-0 0  9996
2 91447  53.2000 325.0000 0001000   0.0000 276.5909 15.11093796000019
SAT_66_18
1 91448U 26001A   26149.00000000  .00000000  00000-0  00000-0 0  9997
2 91448  53.2000 325.0000 0001000   0.0000 292.9545 15.11093796000018
SAT_66_19
1 91449U 26001A   26149.00000000  .00000000  00000-0  00000-0 0  9998
2 91449  53.2000 325.0000 0001000   0.0000 309.3182 15.11093796000019
SAT_66_20
1 91450U 26001A   26149.00000000  .00000000  00000-0  00000-0 0  9990
2 91450  53.2000 325.0000 0001000   0.0000 325.6818 15.11093796000018
SAT_66_21
1 91451U 26001A   26149.00000000  .00000000  00000-0  00000-0 0  9991
2 91451  53.2000 325.0000 0001000   0.0000 342.0455 15.11093796000019
SAT_66_22
1 91452U 26001A   26149.00000000  .00000000  00000-0  00000-0 0  9992
2 91452  53.2000 325.0000 0001000   0.0000 358.4091 15.11093796000017
SAT_67_01
1 91453U 26001A   26149.00000000  .00000000  00000-0  00000-0 0  9993
2 91453  53.2000 330.0000 0001000   0.0000  15.0000 15.11093796000010
SAT_67_02
1 91454U 26001A   26149.00000000  .00000000  00000-0  00000-0 0  9994
2 91454  53.2000 330.0000 0001000   0.0000  31.3636 15.11093796000017
SAT_67_03
1 91455U 26001A   26149.00000000  .00000000  00000-0  00000-0 0  9995
2 91455  53.2000 330.0000 0001000   0.0000  47.7273 15.11093796000016
SAT_67_04
1 91456U 26001A   26149.00000000  .00000000  00000-0  00000-0 0  9996
2 91456  53.2000 330.0000 0001000   0.0000  64.0909 15.11093796000015
SAT_67_05
1 91457U 26001A   26149.00000000  .00000000  00000-0  00000-0 0  9997
2 91457  53.2000 330.0000 0001000   0.0000  80.4545 15.11093796000014
SAT_67_06
1 91458U 26001A   26149.00000000  .00000000  00000-0  00000-0 0  9998
2 91458  53.2000 330.0000 0001000   0.0000  96.8182 15.11093796000013
SAT_67_07
1 91459U 26001A   26149.00000000  .00000000  00000-0  00000-0 0  9999
2 91459  53.2000 330.0000 0001000   0.0000 113.1818 15.11093796000013
SAT_67_08
1 91460U 26001A   26149.00000000  .00000000  00000-0  00000-0 0  9991
2 91460  53.2000 330.0000 0001000   0.0000 129.5455 15.11093796000013
SAT_67_09
1 91461U 26001A   26149.00000000  .00000000  00000-0  00000-0 0  9992
2 91461  53.2000 330.0000 0001000   0.0000 145.9091 15.11093796000012
SAT_67_10
1 91462U 26001A   26149.00000000  .00000000  00000-0  00000-0 0  9993
2 91462  53.2000 330.0000 0001000   0.0000 162.2727 15.11093796000011
SAT_67_11
1 91463U 26001A   26149.00000000  .00000000  00000-0  00000-0 0  9994
2 91463  53.2000 330.0000 0001000   0.0000 178.6364 15.11093796000010
SAT_67_12
1 91464U 26001A   26149.00000000  .00000000  00000-0  00000-0 0  9995
2 91464  53.2000 330.0000 0001000   0.0000 195.0000 15.11093796000011
SAT_67_13
1 91465U 26001A   26149.00000000  .00000000  00000-0  00000-0 0  9996
2 91465  53.2000 330.0000 0001000   0.0000 211.3636 15.11093796000019
SAT_67_14
1 91466U 26001A   26149.00000000  .00000000  00000-0  00000-0 0  9997
2 91466  53.2000 330.0000 0001000   0.0000 227.7273 15.11093796000018
SAT_67_15
1 91467U 26001A   26149.00000000  .00000000  00000-0  00000-0 0  9998
2 91467  53.2000 330.0000 0001000   0.0000 244.0909 15.11093796000017
SAT_67_16
1 91468U 26001A   26149.00000000  .00000000  00000-0  00000-0 0  9999
2 91468  53.2000 330.0000 0001000   0.0000 260.4545 15.11093796000016
SAT_67_17
1 91469U 26001A   26149.00000000  .00000000  00000-0  00000-0 0  9990
2 91469  53.2000 330.0000 0001000   0.0000 276.8182 15.11093796000015
SAT_67_18
1 91470U 26001A   26149.00000000  .00000000  00000-0  00000-0 0  9992
2 91470  53.2000 330.0000 0001000   0.0000 293.1818 15.11093796000015
SAT_67_19
1 91471U 26001A   26149.00000000  .00000000  00000-0  00000-0 0  9993
2 91471  53.2000 330.0000 0001000   0.0000 309.5455 15.11093796000015
SAT_67_20
1 91472U 26001A   26149.00000000  .00000000  00000-0  00000-0 0  9994
2 91472  53.2000 330.0000 0001000   0.0000 325.9091 15.11093796000014
SAT_67_21
1 91473U 26001A   26149.00000000  .00000000  00000-0  00000-0 0  9995
2 91473  53.2000 330.0000 0001000   0.0000 342.2727 15.11093796000013
SAT_67_22
1 91474U 26001A   26149.00000000  .00000000  00000-0  00000-0 0  9996
2 91474  53.2000 330.0000 0001000   0.0000 358.6364 15.11093796000012
SAT_68_01
1 91475U 26001A   26149.00000000  .00000000  00000-0  00000-0 0  9997
2 91475  53.2000 335.0000 0001000   0.0000  15.2273 15.11093796000013
SAT_68_02
1 91476U 26001A   26149.00000000  .00000000  00000-0  00000-0 0  9998
2 91476  53.2000 335.0000 0001000   0.0000  31.5909 15.11093796000011
SAT_68_03
1 91477U 26001A   26149.00000000  .00000000  00000-0  00000-0 0  9999
2 91477  53.2000 335.0000 0001000   0.0000  47.9545 15.11093796000019
SAT_68_04
1 91478U 26001A   26149.00000000  .00000000  00000-0  00000-0 0  9990
2 91478  53.2000 335.0000 0001000   0.0000  64.3182 15.11093796000010
SAT_68_05
1 91479U 26001A   26149.00000000  .00000000  00000-0  00000-0 0  9991
2 91479  53.2000 335.0000 0001000   0.0000  80.6818 15.11093796000018
SAT_68_06
1 91480U 26001A   26149.00000000  .00000000  00000-0  00000-0 0  9993
2 91480  53.2000 335.0000 0001000   0.0000  97.0455 15.11093796000019
SAT_68_07
1 91481U 26001A   26149.00000000  .00000000  00000-0  00000-0 0  9994
2 91481  53.2000 335.0000 0001000   0.0000 113.4091 15.11093796000019
SAT_68_08
1 91482U 26001A   26149.00000000  .00000000  00000-0  00000-0 0  9995
2 91482  53.2000 335.0000 0001000   0.0000 129.7727 15.11093796000016
SAT_68_09
1 91483U 26001A   26149.00000000  .00000000  00000-0  00000-0 0  9996
2 91483  53.2000 335.0000 0001000   0.0000 146.1364 15.11093796000017
SAT_68_10
1 91484U 26001A   26149.00000000  .00000000  00000-0  00000-0 0  9997
2 91484  53.2000 335.0000 0001000   0.0000 162.5000 15.11093796000017
SAT_68_11
1 91485U 26001A   26149.00000000  .00000000  00000-0  00000-0 0  9998
2 91485  53.2000 335.0000 0001000   0.0000 178.8636 15.11093796000013
SAT_68_12
1 91486U 26001A   26149.00000000  .00000000  00000-0  00000-0 0  9999
2 91486  53.2000 335.0000 0001000   0.0000 195.2273 15.11093796000014
SAT_68_13
1 91487U 26001A   26149.00000000  .00000000  00000-0  00000-0 0  9990
2 91487  53.2000 335.0000 0001000   0.0000 211.5909 15.11093796000013
SAT_68_14
1 91488U 26001A   26149.00000000  .00000000  00000-0  00000-0 0  9991
2 91488  53.2000 335.0000 0001000   0.0000 227.9545 15.11093796000011
SAT_68_15
1 91489U 26001A   26149.00000000  .00000000  00000-0  00000-0 0  9992
2 91489  53.2000 335.0000 0001000   0.0000 244.3182 15.11093796000012
SAT_68_16
1 91490U 26001A   26149.00000000  .00000000  00000-0  00000-0 0  9994
2 91490  53.2000 335.0000 0001000   0.0000 260.6818 15.11093796000011
SAT_68_17
1 91491U 26001A   26149.00000000  .00000000  00000-0  00000-0 0  9995
2 91491  53.2000 335.0000 0001000   0.0000 277.0455 15.11093796000011
SAT_68_18
1 91492U 26001A   26149.00000000  .00000000  00000-0  00000-0 0  9996
2 91492  53.2000 335.0000 0001000   0.0000 293.4091 15.11093796000010
SAT_68_19
1 91493U 26001A   26149.00000000  .00000000  00000-0  00000-0 0  9997
2 91493  53.2000 335.0000 0001000   0.0000 309.7727 15.11093796000018
SAT_68_20
1 91494U 26001A   26149.00000000  .00000000  00000-0  00000-0 0  9998
2 91494  53.2000 335.0000 0001000   0.0000 326.1364 15.11093796000019
SAT_68_21
1 91495U 26001A   26149.00000000  .00000000  00000-0  00000-0 0  9999
2 91495  53.2000 335.0000 0001000   0.0000 342.5000 15.11093796000019
SAT_68_22
1 91496U 26001A   26149.00000000  .00000000  00000-0  00000-0 0  9990
2 91496  53.2000 335.0000 0001000   0.0000 358.8636 15.11093796000015
SAT_69_01
1 91497U 26001A   26149.00000000  .00000000  00000-0  00000-0 0  9991
2 91497  53.2000 340.0000 0001000   0.0000  15.4545 15.11093796000017
SAT_69_02
1 91498U 26001A   26149.00000000  .00000000  00000-0  00000-0 0  9992
2 91498  53.2000 340.0000 0001000   0.0000  31.8182 15.11093796000017
SAT_69_03
1 91499U 26001A   26149.00000000  .00000000  00000-0  00000-0 0  9993
2 91499  53.2000 340.0000 0001000   0.0000  48.1818 15.11093796000015
SAT_69_04
1 91500U 26001A   26149.00000000  .00000000  00000-0  00000-0 0  9996
2 91500  53.2000 340.0000 0001000   0.0000  64.5455 15.11093796000017
SAT_69_05
1 91501U 26001A   26149.00000000  .00000000  00000-0  00000-0 0  9997
2 91501  53.2000 340.0000 0001000   0.0000  80.9091 15.11093796000016
SAT_69_06
1 91502U 26001A   26149.00000000  .00000000  00000-0  00000-0 0  9998
2 91502  53.2000 340.0000 0001000   0.0000  97.2727 15.11093796000014
SAT_69_07
1 91503U 26001A   26149.00000000  .00000000  00000-0  00000-0 0  9999
2 91503  53.2000 340.0000 0001000   0.0000 113.6364 15.11093796000015
SAT_69_08
1 91504U 26001A   26149.00000000  .00000000  00000-0  00000-0 0  9990
2 91504  53.2000 340.0000 0001000   0.0000 130.0000 15.11093796000016
SAT_69_09
1 91505U 26001A   26149.00000000  .00000000  00000-0  00000-0 0  9991
2 91505  53.2000 340.0000 0001000   0.0000 146.3636 15.11093796000012
SAT_69_10
1 91506U 26001A   26149.00000000  .00000000  00000-0  00000-0 0  9992
2 91506  53.2000 340.0000 0001000   0.0000 162.7273 15.11093796000012
SAT_69_11
1 91507U 26001A   26149.00000000  .00000000  00000-0  00000-0 0  9993
2 91507  53.2000 340.0000 0001000   0.0000 179.0909 15.11093796000010
SAT_69_12
1 91508U 26001A   26149.00000000  .00000000  00000-0  00000-0 0  9994
2 91508  53.2000 340.0000 0001000   0.0000 195.4545 15.11093796000019
SAT_69_13
1 91509U 26001A   26149.00000000  .00000000  00000-0  00000-0 0  9995
2 91509  53.2000 340.0000 0001000   0.0000 211.8182 15.11093796000010
SAT_69_14
1 91510U 26001A   26149.00000000  .00000000  00000-0  00000-0 0  9997
2 91510  53.2000 340.0000 0001000   0.0000 228.1818 15.11093796000019
SAT_69_15
1 91511U 26001A   26149.00000000  .00000000  00000-0  00000-0 0  9998
2 91511  53.2000 340.0000 0001000   0.0000 244.5455 15.11093796000019
SAT_69_16
1 91512U 26001A   26149.00000000  .00000000  00000-0  00000-0 0  9999
2 91512  53.2000 340.0000 0001000   0.0000 260.9091 15.11093796000018
SAT_69_17
1 91513U 26001A   26149.00000000  .00000000  00000-0  00000-0 0  9990
2 91513  53.2000 340.0000 0001000   0.0000 277.2727 15.11093796000016
SAT_69_18
1 91514U 26001A   26149.00000000  .00000000  00000-0  00000-0 0  9991
2 91514  53.2000 340.0000 0001000   0.0000 293.6364 15.11093796000016
SAT_69_19
1 91515U 26001A   26149.00000000  .00000000  00000-0  00000-0 0  9992
2 91515  53.2000 340.0000 0001000   0.0000 310.0000 15.11093796000018
SAT_69_20
1 91516U 26001A   26149.00000000  .00000000  00000-0  00000-0 0  9993
2 91516  53.2000 340.0000 0001000   0.0000 326.3636 15.11093796000014
SAT_69_21
1 91517U 26001A   26149.00000000  .00000000  00000-0  00000-0 0  9994
2 91517  53.2000 340.0000 0001000   0.0000 342.7273 15.11093796000014
SAT_69_22
1 91518U 26001A   26149.00000000  .00000000  00000-0  00000-0 0  9995
2 91518  53.2000 340.0000 0001000   0.0000 359.0909 15.11093796000012
SAT_70_01
1 91519U 26001A   26149.00000000  .00000000  00000-0  00000-0 0  9996
2 91519  53.2000 345.0000 0001000   0.0000  15.6818 15.11093796000012
SAT_70_02
1 91520U 26001A   26149.00000000  .00000000  00000-0  00000-0 0  9998
2 91520  53.2000 345.0000 0001000   0.0000  32.0455 15.11093796000014
SAT_70_03
1 91521U 26001A   26149.00000000  .00000000  00000-0  00000-0 0  9999
2 91521  53.2000 345.0000 0001000   0.0000  48.4091 15.11093796000012
SAT_70_04
1 91522U 26001A   26149.00000000  .00000000  00000-0  00000-0 0  9990
2 91522  53.2000 345.0000 0001000   0.0000  64.7727 15.11093796000010
SAT_70_05
1 91523U 26001A   26149.00000000  .00000000  00000-0  00000-0 0  9991
2 91523  53.2000 345.0000 0001000   0.0000  81.1364 15.11093796000011
SAT_70_06
1 91524U 26001A   26149.00000000  .00000000  00000-0  00000-0 0  9992
2 91524  53.2000 345.0000 0001000   0.0000  97.5000 15.11093796000010
SAT_70_07
1 91525U 26001A   26149.00000000  .00000000  00000-0  00000-0 0  9993
2 91525  53.2000 345.0000 0001000   0.0000 113.8636 15.11093796000018
SAT_70_08
1 91526U 26001A   26149.00000000  .00000000  00000-0  00000-0 0  9994
2 91526  53.2000 345.0000 0001000   0.0000 130.2273 15.11093796000019
SAT_70_09
1 91527U 26001A   26149.00000000  .00000000  00000-0  00000-0 0  9995
2 91527  53.2000 345.0000 0001000   0.0000 146.5909 15.11093796000016
SAT_70_10
1 91528U 26001A   26149.00000000  .00000000  00000-0  00000-0 0  9996
2 91528  53.2000 345.0000 0001000   0.0000 162.9545 15.11093796000015
SAT_70_11
1 91529U 26001A   26149.00000000  .00000000  00000-0  00000-0 0  9997
2 91529  53.2000 345.0000 0001000   0.0000 179.3182 15.11093796000015
SAT_70_12
1 91530U 26001A   26149.00000000  .00000000  00000-0  00000-0 0  9999
2 91530  53.2000 345.0000 0001000   0.0000 195.6818 15.11093796000014
SAT_70_13
1 91531U 26001A   26149.00000000  .00000000  00000-0  00000-0 0  9990
2 91531  53.2000 345.0000 0001000   0.0000 212.0455 15.11093796000016
SAT_70_14
1 91532U 26001A   26149.00000000  .00000000  00000-0  00000-0 0  9991
2 91532  53.2000 345.0000 0001000   0.0000 228.4091 15.11093796000014
SAT_70_15
1 91533U 26001A   26149.00000000  .00000000  00000-0  00000-0 0  9992
2 91533  53.2000 345.0000 0001000   0.0000 244.7727 15.11093796000012
SAT_70_16
1 91534U 26001A   26149.00000000  .00000000  00000-0  00000-0 0  9993
2 91534  53.2000 345.0000 0001000   0.0000 261.1364 15.11093796000013
SAT_70_17
1 91535U 26001A   26149.00000000  .00000000  00000-0  00000-0 0  9994
2 91535  53.2000 345.0000 0001000   0.0000 277.5000 15.11093796000012
SAT_70_18
1 91536U 26001A   26149.00000000  .00000000  00000-0  00000-0 0  9995
2 91536  53.2000 345.0000 0001000   0.0000 293.8636 15.11093796000019
SAT_70_19
1 91537U 26001A   26149.00000000  .00000000  00000-0  00000-0 0  9996
2 91537  53.2000 345.0000 0001000   0.0000 310.2273 15.11093796000011
SAT_70_20
1 91538U 26001A   26149.00000000  .00000000  00000-0  00000-0 0  9997
2 91538  53.2000 345.0000 0001000   0.0000 326.5909 15.11093796000018
SAT_70_21
1 91539U 26001A   26149.00000000  .00000000  00000-0  00000-0 0  9998
2 91539  53.2000 345.0000 0001000   0.0000 342.9545 15.11093796000017
SAT_70_22
1 91540U 26001A   26149.00000000  .00000000  00000-0  00000-0 0  9990
2 91540  53.2000 345.0000 0001000   0.0000 359.3182 15.11093796000018
SAT_71_01
1 91541U 26001A   26149.00000000  .00000000  00000-0  00000-0 0  9991
2 91541  53.2000 350.0000 0001000   0.0000  15.9091 15.11093796000019
SAT_71_02
1 91542U 26001A   26149.00000000  .00000000  00000-0  00000-0 0  9992
2 91542  53.2000 350.0000 0001000   0.0000  32.2727 15.11093796000018
SAT_71_03
1 91543U 26001A   26149.00000000  .00000000  00000-0  00000-0 0  9993
2 91543  53.2000 350.0000 0001000   0.0000  48.6364 15.11093796000017
SAT_71_04
1 91544U 26001A   26149.00000000  .00000000  00000-0  00000-0 0  9994
2 91544  53.2000 350.0000 0001000   0.0000  65.0000 15.11093796000018
SAT_71_05
1 91545U 26001A   26149.00000000  .00000000  00000-0  00000-0 0  9995
2 91545  53.2000 350.0000 0001000   0.0000  81.3636 15.11093796000015
SAT_71_06
1 91546U 26001A   26149.00000000  .00000000  00000-0  00000-0 0  9996
2 91546  53.2000 350.0000 0001000   0.0000  97.7273 15.11093796000014
SAT_71_07
1 91547U 26001A   26149.00000000  .00000000  00000-0  00000-0 0  9997
2 91547  53.2000 350.0000 0001000   0.0000 114.0909 15.11093796000014
SAT_71_08
1 91548U 26001A   26149.00000000  .00000000  00000-0  00000-0 0  9998
2 91548  53.2000 350.0000 0001000   0.0000 130.4545 15.11093796000013
SAT_71_09
1 91549U 26001A   26149.00000000  .00000000  00000-0  00000-0 0  9999
2 91549  53.2000 350.0000 0001000   0.0000 146.8182 15.11093796000012
SAT_71_10
1 91550U 26001A   26149.00000000  .00000000  00000-0  00000-0 0  9991
2 91550  53.2000 350.0000 0001000   0.0000 163.1818 15.11093796000012
SAT_71_11
1 91551U 26001A   26149.00000000  .00000000  00000-0  00000-0 0  9992
2 91551  53.2000 350.0000 0001000   0.0000 179.5455 15.11093796000011
SAT_71_12
1 91552U 26001A   26149.00000000  .00000000  00000-0  00000-0 0  9993
2 91552  53.2000 350.0000 0001000   0.0000 195.9091 15.11093796000010
SAT_71_13
1 91553U 26001A   26149.00000000  .00000000  00000-0  00000-0 0  9994
2 91553  53.2000 350.0000 0001000   0.0000 212.2727 15.11093796000010
SAT_71_14
1 91554U 26001A   26149.00000000  .00000000  00000-0  00000-0 0  9995
2 91554  53.2000 350.0000 0001000   0.0000 228.6364 15.11093796000019
SAT_71_15
1 91555U 26001A   26149.00000000  .00000000  00000-0  00000-0 0  9996
2 91555  53.2000 350.0000 0001000   0.0000 245.0000 15.11093796000010
SAT_71_16
1 91556U 26001A   26149.00000000  .00000000  00000-0  00000-0 0  9997
2 91556  53.2000 350.0000 0001000   0.0000 261.3636 15.11093796000017
SAT_71_17
1 91557U 26001A   26149.00000000  .00000000  00000-0  00000-0 0  9998
2 91557  53.2000 350.0000 0001000   0.0000 277.7273 15.11093796000016
SAT_71_18
1 91558U 26001A   26149.00000000  .00000000  00000-0  00000-0 0  9999
2 91558  53.2000 350.0000 0001000   0.0000 294.0909 15.11093796000015
SAT_71_19
1 91559U 26001A   26149.00000000  .00000000  00000-0  00000-0 0  9990
2 91559  53.2000 350.0000 0001000   0.0000 310.4545 15.11093796000015
SAT_71_20
1 91560U 26001A   26149.00000000  .00000000  00000-0  00000-0 0  9992
2 91560  53.2000 350.0000 0001000   0.0000 326.8182 15.11093796000015
SAT_71_21
1 91561U 26001A   26149.00000000  .00000000  00000-0  00000-0 0  9993
2 91561  53.2000 350.0000 0001000   0.0000 343.1818 15.11093796000014
SAT_71_22
1 91562U 26001A   26149.00000000  .00000000  00000-0  00000-0 0  9994
2 91562  53.2000 350.0000 0001000   0.0000 359.5455 15.11093796000013
SAT_72_01
1 91563U 26001A   26149.00000000  .00000000  00000-0  00000-0 0  9995
2 91563  53.2000 355.0000 0001000   0.0000  16.1364 15.11093796000014
SAT_72_02
1 91564U 26001A   26149.00000000  .00000000  00000-0  00000-0 0  9996
2 91564  53.2000 355.0000 0001000   0.0000  32.5000 15.11093796000014
SAT_72_03
1 91565U 26001A   26149.00000000  .00000000  00000-0  00000-0 0  9997
2 91565  53.2000 355.0000 0001000   0.0000  48.8636 15.11093796000010
SAT_72_04
1 91566U 26001A   26149.00000000  .00000000  00000-0  00000-0 0  9998
2 91566  53.2000 355.0000 0001000   0.0000  65.2273 15.11093796000011
SAT_72_05
1 91567U 26001A   26149.00000000  .00000000  00000-0  00000-0 0  9999
2 91567  53.2000 355.0000 0001000   0.0000  81.5909 15.11093796000019
SAT_72_06
1 91568U 26001A   26149.00000000  .00000000  00000-0  00000-0 0  9990
2 91568  53.2000 355.0000 0001000   0.0000  97.9545 15.11093796000017
SAT_72_07
1 91569U 26001A   26149.00000000  .00000000  00000-0  00000-0 0  9991
2 91569  53.2000 355.0000 0001000   0.0000 114.3182 15.11093796000019
SAT_72_08
1 91570U 26001A   26149.00000000  .00000000  00000-0  00000-0 0  9993
2 91570  53.2000 355.0000 0001000   0.0000 130.6818 15.11093796000018
SAT_72_09
1 91571U 26001A   26149.00000000  .00000000  00000-0  00000-0 0  9994
2 91571  53.2000 355.0000 0001000   0.0000 147.0455 15.11093796000018
SAT_72_10
1 91572U 26001A   26149.00000000  .00000000  00000-0  00000-0 0  9995
2 91572  53.2000 355.0000 0001000   0.0000 163.4091 15.11093796000017
SAT_72_11
1 91573U 26001A   26149.00000000  .00000000  00000-0  00000-0 0  9996
2 91573  53.2000 355.0000 0001000   0.0000 179.7727 15.11093796000014
SAT_72_12
1 91574U 26001A   26149.00000000  .00000000  00000-0  00000-0 0  9997
2 91574  53.2000 355.0000 0001000   0.0000 196.1364 15.11093796000015
SAT_72_13
1 91575U 26001A   26149.00000000  .00000000  00000-0  00000-0 0  9998
2 91575  53.2000 355.0000 0001000   0.0000 212.5000 15.11093796000016
SAT_72_14
1 91576U 26001A   26149.00000000  .00000000  00000-0  00000-0 0  9999
2 91576  53.2000 355.0000 0001000   0.0000 228.8636 15.11093796000012
SAT_72_15
1 91577U 26001A   26149.00000000  .00000000  00000-0  00000-0 0  9990
2 91577  53.2000 355.0000 0001000   0.0000 245.2273 15.11093796000013
SAT_72_16
1 91578U 26001A   26149.00000000  .00000000  00000-0  00000-0 0  9991
2 91578  53.2000 355.0000 0001000   0.0000 261.5909 15.11093796000011
SAT_72_17
1 91579U 26001A   26149.00000000  .00000000  00000-0  00000-0 0  9992
2 91579  53.2000 355.0000 0001000   0.0000 277.9545 15.11093796000019
SAT_72_18
1 91580U 26001A   26149.00000000  .00000000  00000-0  00000-0 0  9994
2 91580  53.2000 355.0000 0001000   0.0000 294.3182 15.11093796000011
SAT_72_19
1 91581U 26001A   26149.00000000  .00000000  00000-0  00000-0 0  9995
2 91581  53.2000 355.0000 0001000   0.0000 310.6818 15.11093796000010
SAT_72_20
1 91582U 26001A   26149.00000000  .00000000  00000-0  00000-0 0  9996
2 91582  53.2000 355.0000 0001000   0.0000 327.0455 15.11093796000010
SAT_72_21
1 91583U 26001A   26149.00000000  .00000000  00000-0  00000-0 0  9997
2 91583  53.2000 355.0000 0001000   0.0000 343.4091 15.11093796000019
SAT_72_22
1 91584U 26001A   26149.00000000  .00000000  00000-0  00000-0 0  9998
2 91584  53.2000 355.0000 0001000   0.0000 359.7727 15.11093796000016
